Compagnie;Cotation
3D SYSTEMS CORP.;29.34
3M COMPANY;194.79
8X8 INC;24.10
A.O. SMITH CORP.;71.69
A10 NETWORKS INC.;13.65
AAR CORP.;33.39
AARONS HOLDINGS CO.;27.18
ABB LTD;37.35
ABBOTT LABORATORIES;125.01
ABBVIE INC.;120.36
ABERCROMBIE & FITCH CO.;34.50
ABERDEEN GLOB. DYNAMIC DIVIDEND FUND;12.32
ABERDEEN GLOB. PREMIER PROPERTIES FUND;6.48
ABERDEEN INC. CREDIT STRATEGIES FUND;11.29
ABERDEEN STANDARD GLOB. INFRA. INC. FUN;20.97
ABERDEEN TOTAL DYNAMIC DIVIDEND FUND;10.32
ABM INDUSTRIES INC.;50.09
ACADIA REALTY TRUST;20.94
ACCEL ENTERTAINMENT INC.;11.73
ACCENTURE PLC CLASS A;333.32
ACCO BRANDS CORP.;8.85
ACRES COMMERCIAL REALTY;16.22
ACUITY BRANDS INC.;186.33
ACUSHNET HOLDINGS;51.46
ADAMS DIV. EQUITY FUND;20.51
ADC THERAPEUTICS SA;27.70
ADECOAGRO S.A.;9.23
ADIENT PLC;40.03
ADT INC.;8.43
ADTALEM GLOBAL EDUCATION INC.;37.13
ADVANCE AUTO PARTS INC ADVANCE AUTO PAR;209.55
ADVANCED DRAINAGE SYSTEMS INC.;118.22
ADVANCED MERGER PARTNERS;9.63
ADVANSIX INC.;34.56
ADVENT CONVERTIBLE AND INC. FUND;19.00
AEA-BRIDGES IMPACT;9.74
AECOM;65.98
AEGON FUNDING CO.;27.15
AEGON N.V.;4.94
AEGON N.V. PERP. CAP. SECS. FLOATING RA;25.20
AENZA S.A.A. ADS;1.37
AERCAP HOLDINGS N.V.;54.35
AEROJET ROCKETDYNE HLD.;41.61
AEVA TECHNOLOGIES INC.;9.73
AFFILIATED MANAGERS GROUP;27.56
AFFILIATED MANAGERS GROUP;26.40
AFFILIATED MANAGERS GROUP;25.12
AFFILIATED MANAGERS GROUP INC.;168.63
AFLAC INC.;56.68
AG MORTGAGE INVESTMENT TRUST;10.57
AGCO CORP.;138.87
AGILENT TECHNOLOGIES INC.;172.37
AGILITI INC.;19.68
AGILON HEALTH INC.;35.72
AGNICO EAGLE MINES;57.31
AGREE REALTY CORP.;73.29
AIHUISHOU INTERNATIONAL CO.;9.24
AIR LEASE CORP.;40.49
AIR PRODUCTS AND CHEMICALS;269.58
ALABAMA POWER CO.;26.32
ALAMO GROUP INC.;150.95
ALAMOS GOLD INC. CLASS A;7.77
ALASKA AIR GROUP INC.;57.25
ALBANY INTERNATIONAL;78.27
ALBEMARLE CORP.;232.19
ALBERTSONS COMPANIES;27.92
ALCOA CORP.;41.72
ALCON INC.;81.18
ALDEL FINANCIAL INC. CLASS A;10.01
ALEXANDER & BALDWIN INC.;20.31
ALEXANDER S INC.;262.52
ALEXANDRIA REAL ESTATE EQUITIES;203.73
ALGONQUIN POWER & UTILITIES;51.27
ALGONQUIN POWER & UTILITIES;27.65
ALGONQUIN POWER & UTILITIES;15.63
ALGONQUIN POWER & UTILITIES;28.02
ALIBABA GROUP HOLDING;165.59
ALIGHT INC. CLASS A;10.58
ALLEGHANY CORP.;679.87
ALLEGHENY TECHNOLOGIES INC.;17.65
ALLEGION PLC;140.88
ALLETE INC.;68.10
ALLIANCE DATA SYSTEMS;94.84
ALLIANCEBERNSTEIN GLOB. HIGH INC. FUND;12.32
ALLIANCEBERNSTEIN HOLDING L.P.  UNITS;50.81
ALLIANCEBERNSTEIN NATIONAL MUNI. INC. F;15.11
ALLISON TRANSMISSION HLD.;37.45
ALLSTATE CORP.;137.59
ALLY FINANCIAL INC.;52.31
ALPHA METALLURGICAL RESOURCES;37.99
ALPINE INC. PROPERTY TRUST;18.39
ALTA EQUIPMENT GROUP;13.77
ALTERYX INC. CLASS A;72.90
ALTICE USA INC. CLASS A;27.99
ALTIMETER GROWTH;9.83
ALTRIA GROUP INC.;48.68
ALUMINUM CORP.;16.28
AMBAC FINANCIAL GROUP INC.;13.88
AMBEV S.A. ADS EACH;3.22
AMBRX BIOPHARMA INC. ADS EACH;18.20
AMC ENTERTAINMENT HLD.;41.84
AMCOR PLC;12.77
AMEREN CORP.;87.31
AMERESCO INC. CLASS A;68.09
AMERICA MOVIL S.A.B. DE C.V. ADR SERIES;18.49
AMERICA MOVIL S.A.B. DE C.V. CLASS A AD;18.37
AMERICAN ASSETS TRUST INC.;38.19
AMERICAN AXLE & MANUFACTURING HLD.;8.64
AMERICAN CAMPUS COMMUNITIES INC;49.42
AMERICAN EAGLE OUTFITTERS INC.;30.11
AMERICAN EQUITY INVESTMENT LIFE HOLDING;32.10
AMERICAN EXPRESS CO.;164.65
AMERICAN FIN. GROUP;27.83
AMERICAN FIN. GROUP;28.38
AMERICAN FIN. GROUP;27.67
AMERICAN FIN. GROUP;27.48
AMERICAN FINANCIAL GROUP INC.;136.51
AMERICAN HOMES 4 RENT;40.41
AMERICAN INTL. GROUP;54.31
AMERICAN REALTY INVESTORS INC.;11.10
AMERICAN STATES WATER CO.;89.56
AMERICAN TOWER CORP.;283.83
AMERICAN VANGUARD;15.37
AMERICAN WATER WORKS CO.;180.53
AMERICAN WELL CORP.;10.22
AMERICOLD REALTY TRUST;36.36
AMERIPRISE FINANCIAL INC.;270.73
AMERISOURCEBERGEN;116.63
AMETEK INC.;136.14
AMN HEALTHCARE SERVICES INC AMN HEALTHC;108.71
AMNEAL PHARMACEUTICALS;5.11
AMPCO-PITTSBURGH;4.94
AMPHENOL CORP.;75.53
AMPLIFY ENERGY CORP.;3.70
AMREP CORP.;13.45
AMTD INTERNATIONAL INC. ADS;5.72
ANAPLAN INC.;60.23
ANGEL OAK DYNAMIC FIN. STRATEGIES INC.;20.67
ANGEL OAK FIN. STRATEGIES INC. TERM TRU;18.40
ANGEL OAK MORTGAGE INC.;17.58
ANGEL POND HOLDINGS;9.62
ANGLOGOLD ASHANTI;16.35
ANHEUSER-BUSCH INBEV SA SPONSORED ADR B;60.73
ANNALY CAPITAL MANAGEMENT INC;8.66
ANTERO MIDSTREAM;9.23
ANTERO RESOURCES;12.78
ANTHEM INC.;370.43
AON PLC CLASS A;282.04
APARTMENT INCOME REIT;50.17
APARTMENT INVESTMENT AND MANAGEMENT CO.;6.80
API GROUP CORP.;23.01
APOLLO COMMERCIAL REAL ESTATE FINANCE I;15.22
APOLLO GLOB. MANAGEMENT;58.11
APOLLO SENIOR FLOATING RATE FUND;15.86
APOLLO STRATEGIC GROWTH CAPITAL CLASS A;9.74
APOLLO STRATEGIC GROWTH CAPITAL II CLAS;9.68
APOLLO TACTICAL INC. FUND;15.59
APPLE HOSPITALITY REIT INC.;14.65
APPLIED INDUSTRIAL TECHNOLOGIES;87.01
APTARGROUP INC.;133.60
APTIV PLC;155.06
ARAMARK;34.30
ARBOR REALTY TRUST;18.07
ARC DOCUMENT SOLUTIONS INC.;2.73
ARCELOR MITTAL NY REGISTRY SHARES NEW;33.77
ARCELORMITTAL 5.50% MANDATORILY CONVERT;80.74
ARCH RESOURCES INC. CLASS A;74.35
ARCHER-DANIELS-MIDLAND CO.;59.85
ARCHROCK INC.;7.69
ARCONIC CORP.;34.95
ARCOS DORADOS HLD.;5.80
ARCOSA INC.;51.31
ARCUS BIOSCIENCES INC.;29.34
ARDAGH GROUP S.A.;26.20
ARDAGH METAL PACKAGING S.A.;11.25
ARDMORE SHIPPING;3.30
ARES COMMERCIAL REAL ESTATE;15.35
ARES MANAGEMENT;73.86
ARGAN INC.;44.82
ARGO GROUP INTERNATIONAL HLD.;53.44
ARGO GROUP INTERNATIONAL HLD.;26.19
ARISTA NETWORKS INC.;369.58
ARLINGTON ASSET INVESTMENT CORP 6.000%;24.95
ARLINGTON ASSET INVESTMENT CORP 6.750%;25.70
ARLINGTON ASSET INVESTMENT CORP CLASS A;3.76
ARLO TECHNOLOGIES INC.;6.03
ARMADA HOFFLER PROPERTIES INC.;12.99
ARMOUR RESIDENTIAL REIT INC.;10.83
ARMSTRONG FLOORING INC.;3.69
ARMSTRONG WORLD INDUSTRIES INC;104.58
ARROW ELECTRONICS INC.;120.39
ARTHUR J. GALLAGHER & CO.;142.68
ARTISAN PARTNERS ASSET MANAGEMENT;50.48
ASA  GOLD AND PRECIOUS METALS;20.35
ASANA INC. CLASS A;74.69
ASBURY AUTOMOTIVE GROUP INC;186.42
ASE TECHNOLOGY HOLDING CO.;8.89
ASGN INC.;110.10
ASHFORD HOSPITALITY TRUST INC;14.48
ASHLAND GLOBAL HLD.;85.61
ASPEN AEROGELS INC.;42.36
ASSETMARK FINANCIAL HLD.;26.32
ASSOCIATED BANC-CORP;20.79
ASSOCIATED CAPITAL GROUP INC.;36.86
ASSURANT;27.20
ASSURANT INC.;168.10
ASSURED GUARANTY;50.23
AT&T;27.18
AT&T;26.30
AT&T INC.;27.27
ATENTO S.A.;23.50
ATHENE HOLDING;64.92
ATI PHYSICAL THERAPY;4.11
ATKORE INC.;88.36
ATLAS CORP.;14.17
ATLAS CREST INVESTMENT;9.67
ATLAS CREST INVESTMENT;9.98
ATMOS ENERGY CORP.;97.23
ATOTECH LTD.;23.48
AUDACY;3.31
AUTOHOME INC. ADS;39.85
AUTOLIV INC.;88.98
AUTONATION INC.;110.73
AUTOZONE INC.;1602.04
AVALARA INC.;176.58
AVALONBAY COMMUNITIES INC.;223.41
AVANGRID INC.;53.97
AVANOS MEDICAL INC.;32.92
AVANTOR INC.;39.30
AVAYA HOLDINGS CORP.;20.60
AVERY DENNISON CORP.;224.43
AVIENT CORP.;50.39
AVISTA CORP.;41.19
AXALTA COATING SYSTEMS;31.10
AXIS CAPITAL HOLDINGS;53.02
AXOS FINANCIAL INC.;48.58
AZUL S.A. ADS EACH;22.26
AZURE POWER GLOBAL;19.00
AZZ INC.;52.38
B&G FOODS INC. B&G FOODS INC.;29.10
B. RILEY PRINCIPAL MERGER;1.75
BABCOCK & WILCOX ENTERPRISES;7.68
BABCOCK & WILCOX ENTERPRISES;25.98
BADGER METER INC.;104.67
BAIN CAPITAL SPECIALTY FINANCE;15.02
BAKER HUGHES CO.;22.19
BALL CORP.;94.46
BALLY S CORP.;50.69
BANC OF CALIFORNIA INC.;17.79
BANCO BBVA ARGENTINA S.A. ADS;3.88
BANCO BILBAO VIZCAYA ARGENTARIA S.A.;6.58
BANCO BRADESCO SA ADS;4.41
BANCO BRADESCO SA ADS EACH;3.83
BANCO DE CHILE BANCO DE CHILE ADS;18.62
BANCO LATINOAMERICANO DE COMERCIO EXTER;16.63
BANCO MACRO S.A.  ADR REPRESENTING TEN;17.14
BANCO SANTANDER - CHILE ADS;20.78
BANCO SANTANDER BRASIL SA ADS;7.88
BANCO SANTANDER MEXICO S.A. INSTITUCION;5.82
BANCO SANTANDER S.A. SPONSORED ADR SPAI;3.74
BANCOLOMBIA S.A.;32.40
BANCORPSOUTH BANK;28.57
BANK NOVA SCOTIA HALIFAX PFD 3;63.55
BANK OF AMERICA;42.30
BANK OF HAWAII CORP.;84.35
BANK OF MONTREAL;101.88
BANK OF N.T. BUTTERFIELD & SON;33.31
BANKUNITED INC.;41.87
BARCLAYS PLC;10.24
BARINGS BDC INC.;10.91
BARINGS CORP.;15.21
BARINGS GLOB. SHORT DURATION HIGH YIELD;16.92
BARINGS PARTICIPATION INVESTORS;14.04
BARNES & NOBLE EDUCATION INC;7.91
BARNES GROUP INC.;47.81
BARRICK GOLD CORP.;19.84
BATH & BODY WORKS INC.;66.27
BAUSCH HEALTH COMPANIES INC.;28.50
BAXTER INTERNATIONAL INC.;73.86
BCE INC.;51.21
BEAZER HOMES USA INC.;18.39
BECTON DICKINSON AND CO.;54.12
BECTON DICKINSON AND CO.;247.91
BELDEN INC;55.12
BELLRING BRANDS INC. CLASS A;32.88
BENCHMARK ELECTRONICS INC.;25.89
BERKSHIRE HATHAWAY INC. NEW;286.52
BERKSHIRE HILLS BANCORP INC.;25.06
BERRY GLOBAL GROUP INC.;67.51
BEST BUY CO. INC.;119.58
BEST INC. ADS;1.06
BGSF INC.;13.06
BHP GROUP LTD.;64.54
BHP GROUP PLCSPONSORED ADR;61.33
BIG LOTS INC.;54.71
BIGLARI HLD.;176.02
BIGLARI HLD.;884.90
BILL.COM HOLDINGS INC.;218.25
BIO-RAD LABORATORIES;795.95
BIO-RAD LABORATORIES;762.80
BIOHAVEN PHARMACEUTICAL HOLDING CO.;126.00
BIT MINING LTD.;8.03
BJ S WHOLESALE CLUB HLD.;55.58
BLACK HILLS CORP.;70.40
BLACK KNIGHT INC.;75.27
BLACK STONE MINERALS L.P.;9.89
BLACKBERRY LTD.;10.72
BLACKROCK 2022 GLOB. INC. OPPORTUNITY T;6.66
BLACKROCK CALIFORNIA MUNI. INC. TRUST;15.00
BLACKROCK CAPITAL ALLOCATION TRUST;21.95
BLACKROCK CORE BOND TRUST BLACKROCK COR;16.15
BLACKROCK CREDIT ALLOCATION INC. TRUST;15.16
BLACKROCK ENERGY AND RESOURCES TRUST;8.73
BLACKROCK ENHANCED EQUITY DIVIDEND TRUS;10.17
BLACKROCK ENHANCED GLOB. DIVIDEND TRUST;12.53
BLACKROCK ENHANCED INTL. DIVIDEND TRUST;6.32
BLACKROCK FLOATING RATE INC. STRATEGIES;13.26
BLACKROCK FLOATING RATE INC. TRUST;13.00
BLACKROCK HEALTH SCIENCES TRUST;48.52
BLACKROCK HEALTH SCIENCES TRUST II;28.27
BLACKROCK INC.;935.94
BLACKROCK INC. TRUST;6.33
BLACKROCK INNOVATION AND GROWTH TRUST;18.97
BLACKROCK INVESTMENT QUALITY MUNI. TRUS;18.40
BLACKROCK LONG-TERM MUNI. ADVANTAGE TRU;14.20
BLACKROCK LTD.;17.09
BLACKROCK MULTI-SECTOR INC. TRUST;18.45
BLACKROCK MUNI INTERMEDIATE DURATION FU;15.66
BLACKROCK MUNI. 2030 TARGET TERM TRUST;26.28
BLACKROCK MUNI. INC. QUALITY TRUST;16.17
BLACKROCK MUNI. INC. TRUST;15.63
BLACKROCK MUNI. INC. TRUST II;16.04
BLACKROCK MUNIASSETS FUND INC;16.06
BLACKROCK MUNIHLD.;14.44
BLACKROCK MUNIHLD.;14.96
BLACKROCK MUNIVEST FUND II;16.55
BLACKROCK MUNIYIELD NEW JERSEY FUND INC;15.90
BLACKROCK MUNIYIELD PENNSYLVANIA QUALIT;16.01
BLACKROCK MUNIYIELD QUALITY FUND II;14.65
BLACKROCK MUNIYIELD QUALITY FUND III IN;15.15
BLACKROCK NEW YORK MUNI. INC. TRUST;15.28
BLACKROCK RESOURCES;9.01
BLACKROCK SCIENCE AND TECHNOLOGY TRUST;53.90
BLACKROCK SCIENCE AND TECHNOLOGY TRUST;40.26
BLACKROCK TAXABLE MUNI. BOND TRUST;26.16
BLACKROCK UTIL. INFRA. & POWER OPPORTUN;26.28
BLACKROCK VIRGINIA MUNI. BOND TRUST;18.69
BLACKSTONE INC.;121.17
BLACKSTONE LONG SHORT CREDIT INC. FUND;14.80
BLACKSTONE MORTGAGE TRUST INC.;32.49
BLACKSTONE SENIOR FLOATING RATE TERM FU;16.18
BLACKSTONE STRATEGIC CREDIT FUND;13.82
BLEND LABS INC. CLASS A;16.13
BLOOM ENERGY CORP.;21.10
BLUE APRON HLD.;4.04
BLUE OWL CAPITAL INC. CLASS A;13.46
BLUEGREEN VACATIONS HOLDING;21.24
BLUELINX HOLDINGS INC.;61.37
BNY MELLON HIGH YIELD STRATEGIES FUND;3.35
BNY MELLON STRATEGIC MUNI.S;9.45
BOEING COMPANY THE;218.60
BOISE CASCADE L.L.C.;56.66
BONANZA CREEK ENERGY INC.;36.74
BOOT BARN HOLDINGS INC.;85.92
BOOZ ALLEN HAMILTON HOLDING;81.06
BOQII HOLDING LTD.;2.80
BORGWARNER INC.;42.54
BORR DRILLING LTD.;0.680
BOSTON BEER CO.;588.04
BOSTON PROPERTIES INC.;112.52
BOSTON SCIENTIFIC;44.72
BOX INC. CLASS A;25.21
BOYD GAMING CORP.;61.65
BP MIDSTREAM PARTNERS LP;13.14
BP P.L.C.;24.45
BP PRUDHOE BAY ROYALTY TRUST;3.03
BRADY CORP.;52.33
BRAEMAR HOTELS & RESORTS INC.;5.03
BRANDYWINE REALTY TRUST;13.95
BRANDYWINEGLOB. GLOB. INC. OPPORTUNITIE;12.47
BRASILAGRO BRAZILIAN AGRIC REAL ESTATE;5.15
BRASKEM SA ADR;23.54
BRF S.A.;4.47
BRIDGE INVESTMENT GROUP HLD.;19.28
BRIGHAM MINERALS INC. CLASS A;18.26
BRIGHT HEALTH GROUP INC.;10.10
BRIGHT HORIZONS FAMILY SOLUTIONS;144.48
BRIGHT SCHOLAR EDUCATION HLD.;3.40
BRIGHTSPHERE INVESTMENT GROUP;25.30
BRIGHTSPHERE INVESTMENT GROUP;27.18
BRIGHTSPIRE CAPITAL;9.87
BRIGHTVIEW HOLDINGS INC.;14.83
BRINKER INTERNATIONAL INC.;53.52
BRINKS COMPANY THE;76.93
BRISTOL-MYERS SQUIBB CO.;67.18
BRISTOL-MYERS SQUIBB CO.;0.200
BRISTOW GROUP INC.;31.57
BRITISH AMERICAN TOBACCO  INDUSTRIES P.;36.92
BRIXMOR PROPERTY GROUP INC.;22.89
BROADMARK REALTY CAPITAL INC.;10.61
BROADRIDGE FIN. SOLUTIONS;169.59
BROADSTONE NET LEASE INC.;26.75
BROOKDALE SENIOR LIVING INC.;6.59
BROOKFIELD ASSET MANAGEMENT;56.43
BROOKFIELD ASSET MANAGEMENT REINSURANCE;60.96
BROOKFIELD BRP HLD.;25.07
BROOKFIELD BUSINESS PARTNERS L.P.;43.22
BROOKFIELD DTLA;14.02
BROOKFIELD FINANCE;25.22
BROOKFIELD FINANCE;25.40
BROOKFIELD INFRA. PARTNERS LP;56.15
BROOKFIELD INFRA. PARTNERS LP CLASS A S;63.03
BROOKFIELD INFRASTRUCTURE;26.04
BROOKFIELD REAL ASSETS INC. FUND;21.96
BROOKFIELD RENEWABLE;44.47
BROOKFIELD RENEWABLE PARTNERS L.P.;40.35
BROWN & BROWN INC.;57.96
BROWN FORMAN INC CLASS A;66.65
BROWN FORMAN INC CLASS B;69.95
BRT APARTMENTS;18.55
BRUNSWICK CORP.;103.06
BUCKLE INC. THE;39.27
BUENAVENTURA MINING CO.;7.28
BUILD-A-BEAR WORKSHOP INC.;18.64
BUILDERS FIRSTSOURCE INC.;51.63
BUNGE LTD.;75.54
BURFORD CAPITAL LTD.;11.91
BURLINGTON STORES INC.;314.49
BUTTERFLY NETWORK INC. CLASS A;11.91
BWX TECHNOLOGIES INC.;57.83
BYLINE BANCORP INC.;25.34
C3.AI INC. CLASS A;49.58
CABLE ONE INC.;2030.02
CABOT CORP.;53.31
CABOT OIL & GAS;14.75
CACI INTL.;256.15
CACTUS INC. CLASS A;36.35
CADENCE BANCORP.;20.75
CAE INC.;27.68
CAI INTERNATIONAL INC.;55.93
CALERES INC.;23.43
CALIFORNIA RESOURCES;30.50
CALIFORNIA WATER SERVICE GROUP;62.85
CALIX INC;46.83
CALLAWAY GOLF CO.;28.49
CALLON PETROLEUM CO.;31.62
CAMDEN PROPERTY TRUST;144.88
CAMECO CORP.;17.11
CAMPBELL SOUP CO.;40.72
CAMPING WORLD HLD.;38.67
CANADA GOOSE HLD.;38.77
CANADIAN IMPERIAL BANK OF COMMERCE;118.64
CANADIAN NATIONAL RAILWAY CO.;108.72
CANADIAN NATURAL RESOURCES;32.03
CANADIAN PACIFIC RAILWAY;71.18
CANGO INC. ADS;4.02
CANNAE HOLDINGS INC.;31.24
CANO HEALTH INC. CLASS A;11.89
CANON INC. ADS;23.52
CAPITAL ONE FINANCIAL;172.13
CAPITAL SENIOR LIVING;34.84
CAPITOL INVESTMENT;1.04
CAPRI HOLDINGS LTD.;57.27
CAPRI LISTCO CLASS A;8.70
CAPSTEAD MORTGAGE;6.83
CARDINAL HEALTH INC.;51.09
CARLISLE COMPANIES INC.;211.92
CARMAX INC;126.57
CARNIVAL CORP.;23.61
CARNIVAL PLC ADS ADS;21.63
CARPENTER TECHNOLOGY;33.27
CARRIAGE SERVICES INC.;44.44
CARRIER GLOBAL CORP.;57.74
CARS.COM INC.;12.03
CARTER S INC.;102.26
CARVANA CO. CLASS A;350.19
CASPER SLEEP INC.;5.08
CASTLIGHT HEALTH INC. CLASS B;1.71
CATALENT INC.;128.99
CATCHA INVESTMENT;9.60
CATCHMARK TIMBER TRUST;11.56
CATERPILLAR INC.;212.02
CATO CORP.;16.51
CBIZ INC.;33.11
CBRE CLARION GLOB. REAL ESTATE INC. FUN;8.93
CBRE GROUP INC;93.38
CC NEUBERGER PRINCIPAL HLD.;9.77
CC NEUBERGER PRINCIPAL HLD.;9.69
CCC INTELLIGENT SOLUTIONS HLD.;10.71
CEDAR FAIR L.P.;45.19
CEDAR REALTY TRUST INC.;17.25
CELANESE CORP.;157.66
CELESTICA INC.;9.12
CEMENTOS PACASMAYO S.A.A. ADS EACH;5.63
CEMEX S.A.B. DE C.V. SPONSORED ADR;8.06
CENOVUS ENERGY INC;8.14
CENTENE CORP.;63.64
CENTER COAST BROOKFIELD MLP & ENERGY IN;12.89
CENTERPOINT ENERGY INC HOLDING CO;25.56
CENTERRA GOLD INC.;7.47
CENTRAIS ELECTRICAS BRASILEIRAS S A ADS;7.45
CENTRAIS ELECTRICAS BRASILEIRAS S.A.- E;7.61
CENTRAL PACIFIC FIN. CORP NEW;25.54
CENTRAL PUERTO S.A. ADS EACH;2.72
CENTURY COMMUNITIES INC.;68.48
CERIDIAN HCM HOLDING INC.;109.80
CF INDUSTRIES HLD.;44.98
CGI INC.;86.75
CHANNELADVISOR CORP.;24.57
CHARAH SOLUTIONS INC.;4.56
CHARGEPOINT HOLDINGS INC.;21.71
CHARLES RIVER LABORATORIES INTL.;432.92
CHARLES SCHWAB CORP.;74.07
CHART INDUSTRIES INC.;181.60
CHATHAM LODGING TRUST REIT;11.70
CHEETAH MOBILE INC. ADS;1.89
CHEGG INC.;80.83
CHEMED CORP;466.08
CHEMOURS COMPANY THE;34.12
CHERRY HILL MORTGAGE INVESTMENT;8.96
CHESAPEAKE UTILITIES;127.64
CHEVRON CORP.;98.01
CHEWY INC. CLASS A;89.04
CHICO S FAS INC.;6.05
CHIMERA INVESTMENT;15.12
CHINA EASTERN AIRLINES;19.08
CHINA GREEN AGRICULTURE INC.;8.63
CHINA LIFE INSURANCE CO.;8.37
CHINA ONLINE EDUCATION GROUP ADS;2.65
CHINA PETROLEUM & CHEMICAL;44.99
CHINA SOUTHERN AIRLINES CO.;28.50
CHINA YUCHAI INTERNATIONAL;14.11
CHIPOTLE MEXICAN GRILL INC.;1910.32
CHOICE HOTELS INTL.;118.33
CHUBB LTD.;186.04
CHUNGHWA TELECOM CO.;39.61
CHURCH & DWIGHT CO.;82.54
CHURCHILL CAPITAL CORP V CLASS A;9.68
CHURCHILL CAPITAL CORP VI CLASS A;9.77
CHURCHILL CAPITAL CORP VII CLASS A;9.65
CI FINANCIAL CORP.;19.35
CIENA CORP.;56.50
CIGNA CORP.;209.01
CIMAREX ENERGY CO;59.61
CINCINNATI BELL INC.;15.49
CINEMARK HLD.;16.95
CINER RESOURCES LP;12.79
CIRCOR INTERNATIONAL INC.;33.87
CIT GROUP INC DEL;53.29
CITIGROUP INC.;72.90
CITIZENS FINANCIAL GROUP INC.;44.12
CITIZENS INC. CLASS A;5.73
CITY OFFICE REIT INC.;16.21
CIVEO CORP.;20.65
CLARIVATE PLC;25.09
CLASS ACCELERATION;9.63
CLEAN HARBORS INC.;101.38
CLEAR CHANNEL OUTDOOR HLD.;2.30
CLEAR SECURE INC. CLASS A;50.61
CLEARBRIDGE ENERGY MIDSTREAM OPPORTUNIT;20.69
CLEARBRIDGE MLP AND MIDSTREAM FUND;25.93
CLEARBRIDGE MLP AND MIDSTREAM TOTAL RET;22.86
CLEARWATER PAPER;32.31
CLEARWAY ENERGY INC. CLASS A;30.04
CLEARWAY ENERGY INC. CLASS C;31.78
CLEVELAND-CLIFFS INC.;24.09
CLIPPER REALTY INC.;8.04
CLOOPEN GROUP HOLDING;4.46
CLOROX COMPANY THE;165.50
CLOUDERA INC.;15.94
CLOUDFLARE INC. CLASS A;121.32
CMS ENERGY CORP.;63.83
CMS ENERGY CORP.;27.17
CMS ENERGY CORP.;27.15
CMS ENERGY CORP.;27.14
CNA FINANCIAL CORP.;43.98
CNFINANCE HOLDINGS;3.90
CNH INDUSTRIAL N.V.;16.47
CNO FINANCIAL GROUP INC.;24.51
CNX RESOURCES CORP.;10.78
COCA COLA FEMSA S.A.B. DE C.V.  ADS;56.90
COCA-COLA CO.;55.85
COCA-COLA EUROPACIFIC PARTNERS PLC;57.69
COEUR MINING INC.;6.64
COHEN & STEERS INC;86.66
COHEN & STEERS INFRA. FUND INC;28.43
COHEN & STEERS QUALITY INC. REALTY FUND;15.63
COHEN & STEERS TAX-ADVANTAGED PREF SECU;25.27
COHN ROBBINS HOLDINGS;9.72
COLFAX CORP.;47.94
COLFAX CORP.;197.21
COLGATE-PALMOLIVE CO.;77.60
COLUMBIA PROPERTY TRUST INC.;16.77
COLUMBIA SELIGMAN PREMIUM TECHNOLOGY GR;34.08
COMCAST HOLDINGS ZONES;63.97
COMERICA INC.;74.86
COMFORT SYSTEMS USA INC.;74.43
COMMERCIAL METALS CO.;33.03
COMMUNITY BANK SYSTEM INC.;73.42
COMMUNITY HEALTH SYSTEMS INC.;12.16
COMMUNITY HEALTHCARE TRUST;47.87
COMP EN DE MN CEMIG ADS ADRS;3.14
COMP EN DE MN CEMIG ADS ADS;2.45
COMPANHIA BRASILEIRA DE DISTRIBUICAO AM;5.64
COMPANHIA DE SANEAMENTO BASICO DO ESTAD;6.90
COMPANHIA PARANAENSE DE ENERGIA COPEL A;6.12
COMPANHIA SIDERURGICA NACIONAL S.A.;7.09
COMPANIA CERVECERIAS UNIDAS S.A.;19.97
COMPASS INC. CLASS A;15.68
COMPASS MINERALS INTL INC;65.63
COMSTOCK RESOURCES INC.;5.28
CONAGRA BRANDS INC.;32.62
CONCORD MEDICAL SERVICES HLD.;2.53
CONMED CORP.;131.89
CONOCOPHILLIPS;55.27
CONSOL ENERGY INC.;21.93
CONSOLIDATED EDISON INC.;75.19
CONSTELLATION BRANDS INC.;217.61
CONSTELLATION BRANDS INC.;213.57
CONSTELLIUM SE;19.41
CONTAINER STORE THE;11.35
CONTINENTAL RESOURCES INC.;36.72
CONTROLADORA VUELA COMPANIA DE AVIACION;18.83
CONVEY HOLDING PARENT INC.;8.90
COOPER-STANDARD HLD.;23.04
COOTEK CAYMAN INC. ADS;1.66
COPA HLD.;75.47
CORE & MAIN INC. CLASS A;28.15
CORE LABORATORIES N.V.;26.87
CORECIVIC INC.;9.36
CORENERGY INFRA. TRUST;4.53
COREPOINT LODGING INC.;13.64
CORESITE REALTY;141.63
CORNERSTONE BUILDING BRANDS;15.91
CORNING INC.;40.56
CORP.;28.01
CORPORACION AMERICA AIRPORTS SA;5.28
CORSAIR PARTNERING;9.85
CORTEVA INC.;44.23
COSAN S.A. ADS;16.58
COSTAMARE INC.;13.03
COTY INC. CLASS A;9.34
COUPANG INC. CLASS A;30.80
COURSERA INC.;37.21
COUSINS PROPERTIES INC.;38.76
COVANTA HOLDING;20.02
CRANE CO.;101.77
CRAWFORD & COMPANY;9.72
CRAWFORD & COMPANY;9.30
CREDICORP LTD.;103.48
CREDIT SUISSE GROUP ADS;10.62
CRESCENT POINT ENERGY;3.40
CRESTWOOD EQUITY PARTNERS LP;26.22
CRESTWOOD EQUITY PARTNERS LP PREF UNITS;9.36
CRH PLC ADS;53.66
CROSS TIMBERS ROYALTY TRUST;12.02
CROSSAMERICA PARTNERS LP;18.86
CROWN CASTLE INTERNATIONAL;190.76
CROWN HOLDINGS INC.;110.22
CRYOLIFE INC.;24.68
CS DISCO INC.;53.40
CTO REALTY GROWTH INC.;53.61
CTS CORP.;34.78
CUBESMART;52.20
CULLEN/FROST BANKERS INC.;114.36
CULP INC.;13.91
CUMMINS INC.;238.78
CURO GROUP HOLDINGS;16.10
CURTISS-WRIGHT CORP.;118.64
CUSHING MLP & INFRA. TOTAL RETURN FUND;27.27
CUSHING NEXTGEN INFRA. INC. FUND;43.90
CUSHMAN & WAKEFIELD PLC;17.80
CUSTOM TRUCK ONE SOURCE INC.;8.10
CUSTOMERS BANCORP INC;39.82
CUSTOMERS BANCORP INC 5.375% SUBORDINAT;28.10
CVR ENERGY INC.;13.18
CVR PARTNERS LP;54.39
CVS HEALTH CORP.;82.77
CYPRESS ENVIRONMENTAL PARTNERS L.P.;1.38
D.R. HORTON INC.;95.38
D/B/A CENTERSPACE;97.26
D/B/A COMPASS DIVERSIFIED HLD.;28.67
D/B/A ROYAL CARIBBEAN CRUISES;81.53
D/B/A SIBANYE-STILLWATER;15.47
D8 HOLDINGS;9.97
DANA INC.;22.97
DANAHER CORP.;318.05
DANAOS CORP.;82.11
DANIMER SCIENTIFIC INC.;18.34
DAQO NEW ENERGY;51.88
DARDEN RESTAURANTS INC.;148.65
DARLING INGREDIENTS INC.;74.53
DATTO HOLDING CORP.;25.67
DAVITA INC.;130.25
DBA SEMPRA;132.24
DBA SEMPRA 5.750% JUNIOR SUBORDINATED N;27.64
DCP MIDSTREAM  LP;26.80
DECKERS OUTDOOR;422.77
DEERE & COMPANY;380.43
DELAWARE ENHANCED GLOB. DIVIDEND;10.46
DELAWARE IVY HIGH INC. OPPORTUNITIES FU;14.08
DELEK LOGISTICS PARTNERS L.P.;41.74
DELEK US HOLDINGS INC.;15.75
DELL TECHNOLOGIES INC. CLASS C;101.33
DELTA AIR LINES INC.;40.88
DELUXE CORP.;39.55
DENBURY INC.;68.38
DESIGNER BRANDS INC. CLASS A;15.19
DESKTOP METAL INC. CLASS A;8.27
DESPEGAR.COM;12.04
DEUTSCHE BANK AG;12.41
DEVON ENERGY CORP.;28.74
DHI GROUP INC.;4.01
DHT HOLDINGS INC.;5.44
DIAGEO PLC;191.09
DIAMONDROCK HOSPITALITY CO.;8.70
DIANA SHIPPING INC.;4.82
DICK S SPORTING GOODS INC;130.23
DIDI GLOBAL INC. ADS EACH FOUR;8.38
DIEBOLD NIXDORF INC.;10.78
DIGITAL MEDIA SOLUTIONS;8.07
DIGITAL REALTY TRUST INC.;158.77
DIGITALBRIDGE GROUP INC.;6.75
DIGITALOCEAN HLD.;56.75
DILLARD S CAPITAL TRUST I;26.45
DILLARD S INC.;196.95
DINE BRANDS GLOBAL INC.;77.76
DINGDONG CAYMAN LTD.;21.66
DISCOVER FINANCIAL SERVICES;130.49
DMY TECHNOLOGY GROUP;9.90
DMY TECHNOLOGY GROUP;9.98
DOLBY LABORATORIES;99.79
DOLE PLC;16.14
DOLLAR GENERAL CORP.;221.19
DOMA HOLDINGS INC.;8.02
DOMINION ENERGY;25.08
DOMINION ENERGY;102.00
DOMINION ENERGY INC.;78.26
DOMINO S PIZZA INC;510.15
DOMTAR CORP.;54.83
DONALDSON CO.;68.00
DONNELLEY FIN. SOLUTIONS;31.75
DOORDASH INC. CLASS A;188.43
DORIAN LPG LTD.;12.70
DOUBLELINE INC. SOLUTIONS FUND;17.75
DOUBLELINE OPPORTUNISTIC CREDIT FUND;19.71
DOUBLELINE YIELD OPPORTUNITIES FUND;19.85
DOUBLEVERIFY HLD.;31.30
DOUGLAS DYNAMICS INC.;37.67
DOUGLAS EMMETT INC.;32.07
DOVER CORP.;174.22
DOVER MOTORSPORTS INC.;2.62
DOW INC.;64.05
DOXIMITY INC. CLASS A;82.53
DPCM CAPITAL INC. CLASS A;9.71
DR. REDDY S LABORATORIES LTD;60.60
DRDGOLD LTD.;9.35
DRIL-QUIP INC.;23.70
DRIVE SHACK INC.;2.61
DT MIDSTREAM INC.;45.24
DTE ENERGY CO.;25.83
DTE ENERGY CO.;51.93
DTE ENERGY CO.;26.35
DTE ENERGY CO.;25.98
DTE ENERGY COMPANY;120.37
DTF TAX-FREE INCOME INC.;14.95
DUCOMMUN INC.;51.85
DUFF & PHELPS UTIL. AND INFRA. FUND;14.48
DUKE ENERGY CORP.;27.17
DUKE ENERGY CORP.;105.51
DUKE ENERGY CORP.;27.17
DUKE REALTY CORP.;49.89
DUN & BRADSTREET HLD.;18.41
DUPONT DE NEMOURS INC.;74.20
DWS MUNICIPAL INCOME TRUST;12.33
DWS STRATEGIC MUNI. INC. TRUST;12.85
DXC TECHNOLOGY CO.;36.80
DYCOM INDUSTRIES INC.;76.30
DYNAGAS LNG PARTNERS LP;2.99
DYNATRACE INC.;66.88
DYNEX CAPITAL INC.;17.63
E.L.F. BEAUTY INC.;30.04
E2OPEN PARENT HLD.;11.72
EAGLE MATERIALS INC;155.45
EAGLE POINT CREDIT CO.;26.70
EAGLE POINT CREDIT CO.;25.65
EAGLE POINT CREDIT CO.;25.70
EAGLE POINT CREDIT CO.;13.80
EAGLE POINT CREDIT CO.;25.45
EAGLE POINT CREDIT CO.;25.51
EAGLE POINT INCOME CO.;17.50
EARTHSTONE ENERGY INC. CLASS A;7.95
EASTERLY GOVERNMENT PROPERTIES;21.33
EASTGROUP PROPERTIES INC.;170.93
EASTMAN CHEMICAL CO.;113.01
EASTMAN KODAK CO.;7.22
EATON CORP.;169.85
EATON VANCE CORP.;11.05
EATON VANCE CORP.;16.43
EATON VANCE ENHANCE EQUITY INC. FUND EA;19.29
EATON VANCE ENHANCE EQUITY INC. FUND II;24.35
EATON VANCE FLOATING RATE INC. TRUST;14.78
EATON VANCE FLOATING-RATE 2022 TARGET T;9.36
EATON VANCE MUNI. INC. 2028 TERM TRUST;23.27
EATON VANCE MUNI. INC. TRUST;14.31
EATON VANCE MUNI. INC. TRUST EATON VANC;23.00
EATON VANCE RISK-MANAGED DIV. EQUITY IN;11.12
EATON VANCE SENIOR FLOATING-RATE FUND;14.28
EATON VANCE SENIOR INC. TRUST;6.86
EATON VANCE SHORT DIV. INC. FUND EATON;13.55
EATON VANCE TAX ADVANTAGED DIVIDEND INC;28.35
EATON VANCE TAX-ADVANTAGE GLOB. DIVIDEN;32.10
EATON VANCE TAX-ADVANTAGED GLOB. DIVIDE;21.86
EATON VANCE TAX-MANAGED BUY-WRITE INC.;16.39
EATON VANCE TAX-MANAGED BUY-WRITE STRAT;12.07
EATON VANCE TAX-MANAGED DIV. EQUITY INC;14.38
EATON VANCE TAX-MANAGED GLOB. DIV. EQUI;10.57
ECOFIN SUSTAINABLE AND SOCIAL IMPACT TE;14.65
ECOLAB INC.;223.47
ECOPETROL S.A. ADS;13.73
ECOVYST INC.;12.39
EDGEWELL PERSONAL CARE CO.;43.23
EDISON INTERNATIONAL;58.02
EDWARDS LIFESCIENCES;116.56
ELANCO ANIMAL HEALTH INC.;32.29
ELANCO ANIMAL HEALTH INC.;50.59
ELASTIC N.V.;158.00
ELDORADO GOLD CORP.;8.48
ELEMENT SOLUTIONS INC.;23.11
ELEVATE CREDIT INC.;3.65
ELI LILLY AND CO.;261.57
ELLINGTON FINANCIAL INC.;18.62
ELLINGTON RESIDENTIAL MORTGAGE REIT;11.37
ELLIOTT OPPORTUNITY II;9.68
EMBOTELLADORA ANDINA S.A.;13.63
EMBOTELLADORA ANDINA S.A.;11.90
EMBRAER S.A.;17.85
EMCOR GROUP INC.;121.70
EMERALD HOLDING INC.;5.00
EMERGENT BIOSOLUTIONS INC.;63.08
EMERSON ELECTRIC CO.;104.18
EMPIRE STATE REALTY TRUST;10.12
EMPLOYERS HOLDINGS INC;40.91
EMPOWERMENT & INCLUSION CAPITAL I;9.77
EMPRESA DISTRIBUIDORA Y COMERCIALIZADOR;5.97
ENABLE MIDSTREAM PARTNERS LP;7.86
ENBRIDGE INC;38.87
ENBRIDGE INC 6.375% FIXED-TO-FLOATING R;26.99
ENCOMPASS HEALTH;76.89
ENDAVA PLC ADS EACH;135.87
ENDEAVOR GROUP HLD.;24.54
ENDEAVOUR SILVER;4.36
ENEL AMERICAS S.A. ADS;6.78
ENEL CHILE S.A. ADS EACH;2.45
ENERGIZER HOLDINGS INC.;38.82
ENERGY TRANSFER LP;9.28
ENERPAC TOOL GROUP;24.70
ENERPLUS CORP.;5.53
ENERSYS;86.77
ENETI INC.;17.97
ENI S.P.A.;24.14
ENLINK MIDSTREAM LLC;5.32
ENNIS INC.;19.40
ENOVA INTERNATIONAL INC.;31.97
ENPRO INDUSTRIES INC;85.42
ENTERGY ARKANSAS LLC FIRST MORTGAGE BON;25.35
ENTERGY CORP.;114.26
ENTERGY LOUISIANA;25.35
ENTERGY MISSISSIPPI LLC FIRST MORTGAGE;25.37
ENTERGY NEW ORLEANS LLC FIRST MORTGAGE;25.38
ENTERGY NEW ORLEANS LLC FIRST MORTGAGE;25.50
ENTERGY TEXAS INC 5.375% SERIES A PREF;27.06
ENTERPRISE PRODUCTS PARTNERS L.P.;22.06
ENTRAVISION COMMUNICATIONS;6.74
ENVESTNET INC;78.93
ENVISTA HOLDINGS;41.57
ENVIVA PARTNERS LP;53.99
ENZO BIOCHEM INC.;3.65
EOG RESOURCES INC.;67.17
EPAM SYSTEMS INC.;611.33
EPR PROPERTIES;50.06
EQT CORP.;17.38
EQUIFAX INC.;262.43
EQUINOR ASA;21.00
EQUITABLE HOLDINGS INC.;31.00
EQUITRANS MIDSTREAM;8.69
EQUITY COMMONWEALTH;25.92
EQUITY LIFESTYLE PROPERTIES;81.85
EQUITY RESIDENTIAL;82.47
EQUUS TOTAL RETURN INC.;2.67
ERO COPPER CORP.;18.53
EROS STX GLOBAL;0.676
ESCO TECHNOLOGIES INC.;89.79
ESSENT GROUP LTD.;46.79
ESSENTIAL PROPERTIES REALTY TRUST;31.16
ESSENTIAL UTILITIES;60.17
ESSENTIAL UTILITIES INC.;48.72
ESSEX PROPERTY TRUST INC.;318.59
ESTEE LAUDER COMPANIES;336.14
ETHAN ALLEN INTERIORS INC.;23.93
EURONAV NV;8.15
EVENTBRITE INC. CLASS A;17.66
EVERCORE INC. CLASS A;137.35
EVEREST RE GROUP;270.71
EVERGY INC.;69.10
EVERI HOLDINGS INC.;23.00
EVERSOURCE ENERGY D/B/A;90.57
EVERTEC INC.;45.99
EVOLENT HEALTH INC CLASS A;24.15
EVOQUA WATER TECHNOLOGIES;38.01
EXECUTIVE NETWORK PARTNERING;9.72
EXPRESS INC.;6.37
EXTERRAN CORP.;3.81
EXTRA SPACE STORAGE INC;182.51
EXXON MOBIL CORP.;54.96
F.N.B. CORP.;11.73
F45 TRAINING HLD.;13.69
FABRINET;97.30
FACTSET RESEARCH SYSTEMS INC.;374.07
FAIR ISAAC CORPROATION;448.49
FANG HOLDINGS LTD.;8.34
FARFETCH LTD.;41.16
FARMLAND PARTNERS INC.;11.96
FASTLY INC. CLASS A;43.22
FB FINANCIAL CORP.;40.76
FEDERAL AGRICULTURAL MORTGAGE;92.45
FEDERAL AGRICULTURAL MORTGAGE;96.86
FEDERAL REALTY INVESTMENT TRUST;118.60
FEDERAL SIGNAL CORP.;39.97
FEDERATED HERMES INC.;34.01
FEDERATED HERMES PREMIER MUNI. INC. FUN;15.81
FEDEX CORP.;268.13
FERGUSON PLC;140.32
FERRARI N.V.;215.28
FERRO CORP.;20.58
FGL HOLDINGS WARRANTS;2.50
FIDELITY NATIONAL INFORMATION SERVICES;128.10
FIDUCIARY/CLAYMORE ENERGY INFRA. FUND;10.58
FIGS INC. CLASS A;35.58
FINANCE OF AMERICA COMPANIES;5.38
FINVOLUTION GROUP ADS;5.89
FIRST AMERICAN CORP.;69.85
FIRST BANCORP. NEW;12.65
FIRST COMMONWEALTH FINANCIAL;13.45
FIRST EAGLE ALTERNATIVE CAPITAL BDC;26.25
FIRST EAGLE ALTERNATIVE CAPITAL BDC;25.46
FIRST HIGH-SCHOOL EDUCATION GROUP CO.;3.73
FIRST HORIZON CORP.;16.39
FIRST INDUSTRIAL REALTY TRUST;54.51
FIRST MAJESTIC SILVER;12.41
FIRST REPUBLIC BANK;198.65
FIRST TRUST DYNAMIC EUROPE EQUITY INC.;13.52
FIRST TRUST ENERGY INFRA. FUND;13.06
FIRST TRUST ENHANCED EQUITY INC. FUND;21.16
FIRST TRUST HIGH INC. LONG SHORT FUND;15.91
FIRST TRUST HIGH YIELD OPPORTUNITIES 20;20.75
FIRST TRUST INTERMEDIATE DURATION PREF;25.90
FIRST TRUST MLP AND ENERGY INC. FUND;7.20
FIRST TRUST MOTGAGE INC. FUND;13.77
FIRST TRUST NEW OPPORTUNITIES MLP & ENE;5.60
FIRST TRUST SENIOR FLOATING RATE 2022 T;9.55
FIRST TRUST SENIOR FLOATING RATE INC. F;12.48
FIRST TRUST SPECIALTY FINANCE AND FIN.;4.08
FIRST TRUST/ABERDEEN EMERGING OPPORTUNI;14.37
FIRST TRUST/ABERDEEN GLOB. OPPORTUNITY;10.17
FIRSTENERGY CORP.;38.76
FISKER INC. CLASS A;13.84
FIVE POINT HLD.;7.90
FIVERR INTERNATIONAL;176.35
FLAGSTAR BANCORP INC.;49.06
FLAHERTY & CRUMRINE DYNAMIC PREF AND IN;29.26
FLAHERTY & CRUMRINE PREF AND INC. FUND;16.31
FLAHERTY & CRUMRINE PREF AND INC. OPPOR;12.98
FLAHERTY & CRUMRINE PREF AND INC. SECUR;23.01
FLAHERTY & CRUMRINE TOTAL RETURN FUND I;24.31
FLEETCOR TECHNOLOGIES INC.;257.88
FLEX LNG;15.49
FLOOR & DECOR HLD.;117.87
FLOTEK INDUSTRIES INC.;1.35
FLOWERS FOODS INC.;23.83
FLOWSERVE CORP.;38.89
FLUOR CORP.;16.38
FMC CORP.;93.29
FNF GROUP OF FIDELITY NATIONAL FIN.;48.58
FOMENTO ECONOMICO MEXICANO S.A.B. DE C.;84.94
FOOT LOCKER INC.;57.00
FORD MOTOR COMPANY;12.93
FORESTAR GROUP INC;20.47
FORTIS INC.;45.51
FORTIVE CORP.;73.61
FORTRESS TRANSPORTATION AND INFRA. INVE;27.80
FORTUNA SILVER MINES INC;4.20
FORTUNE BRANDS HOME & SECURITY;100.27
FORUM ENERGY TECHNOLOGIES INC.;19.04
FOUR CORNERS PROPERTY TRUST;27.21
FOUR SEASONS EDUCATION CAYMAN;0.650
FRANCO-NEVADA CORP.;142.98
FRANK S INTERNATIONAL N.V.;2.87
FRANKLIN COVEY CO.;40.45
FRANKLIN RESOURCES INC.;32.34
FRANKLIN UNIVERSAL TRUST;8.54
FREEPORT-MCMORAN INC.;34.70
FRESENIUS MEDICAL CARE AG;39.60
FRESH DEL MONTE PRODUCE INC.;32.08
FREYR BATTERY;8.51
FRONTLINE;7.61
FS KKR CAPITAL CORP.;22.86
FTI CONSULTING INC.;142.11
FUBOTV INC.;26.82
FULL TRUCK ALLIANCE CO.;14.30
FUTUREFUEL CORP.;8.17
G SQUARED ASCEND I;9.70
G SQUARED ASCEND II;9.66
GABELLI DIVIDEND & INC. TRUST;26.77
GABELLI EQUITY TRUST INC. THE;6.79
GABELLI GLOB. SMALL AND MID CAP VALUE T;15.95
GABELLI MULTI-MEDIA TRUST;9.59
GABELLI UTILITY TRUST THE;8.14
GAMCO INVESTORS INC.;27.99
GAMCO NATURAL RESOURCES GOLD & INC. TRU;5.27
GAMESTOP CORP.;203.50
GANNETT CO. INC.;6.24
GAOTU TECHEDU INC. ADS;2.55
GAP INC. THE;26.10
GARTNER INC.;306.03
GASLOG PARTNERS LP;4.10
GATES INDUSTRIAL;16.45
GATOS SILVER INC.;13.74
GATX CORP.;88.72
GCP APPLIED TECHNOLOGIES INC.;23.94
GDL FUND THE;9.03
GENCO SHIPPING & TRADING;19.50
GENERAC HOLDLINGS INC.;424.91
GENERAL AMERICAN INVESTORS;44.51
GENERAL DYNAMICS;198.56
GENERAL ELECTRIC CO.;103.32
GENERAL MILLS INC.;57.58
GENERAL MOTORS CO.;48.65
GENESCO INC.;61.63
GENESIS ENERGY L.P.;8.15
GENIE ENERGY;6.40
GENIUS SPORTS LTD.;18.61
GENPACT LTD.;51.28
GENUINE PARTS CO.;123.44
GENWORTH FINANCIAL INC;3.63
GEO GROUP INC THE REIT;7.66
GEOPARK LTD;10.86
GEORGIA POWER CO.;26.22
GERDAU S.A.;5.40
GETTY REALTY CORP.;30.83
GFL ENVIRONMENTAL;34.74
GFL ENVIRONMENTAL;81.01
GIGCAPITAL INC. WARRANTS;0.920
GILDAN ACTIVEWEAR;38.55
GLATFELTER CORP.;15.73
GLAUKOS CORP.;52.34
GLAXOSMITHKLINE PLC;40.99
GLOB. PARTNERS LP GLOB. PARTNERS LP;19.95
GLOB. SHIP LEASE;26.00
GLOB. SHIP LEASE INC NEW CLASS A;19.75
GLOBAL BLUE GROUP HOLDING AG;7.04
GLOBAL CORD BLOOD;4.65
GLOBAL INDUSTRIAL CO.;37.66
GLOBAL MEDICAL REIT INC.;15.24
GLOBAL NET LEASE INC.;17.05
GLOBAL PAYMENTS INC.;162.56
GLOBANT S.A.;308.24
GLOBE LIFE INC.;96.24
GLOBUS MEDICAL INC. CLASS A;78.33
GMS INC.;49.54
GODADDY INC. CLASS A;73.33
GOL LINHAS AEREAS INTELIGENTES S.A. SPO;7.72
GOLD FIELDS LTD.;9.16
GOLDMAN SACHS BDC INC.;19.10
GOLDMAN SACHS GROUP INC. THE;414.50
GOLDMAN SACHS GROUP SECURITIES STRATS T;21.25
GOLDMAN SACHS MLP ENERGY RENAISSANCE FU;10.55
GORMAN-RUPP CO.;34.86
GP STRATEGIES CORP.;20.70
GRACO INC.;77.49
GRAFTECH INTERNATIONAL;10.86
GRAHAM CORP.;12.31
GRAHAM HOLDINGS CO.;610.90
GRANITE CONSTRUCTION INC.;40.52
GRANITE POINT MORTGAGE TRUST;13.59
GRANITE REAL ESTATE;71.04
GRAPHIC PACKAGING HOLDING CO.;20.25
GRAY TELEVISION INC.;21.95
GRAY TELEVISION INC. CLASS A;20.51
GREAT AJAX;26.25
GREAT AJAX CORP.;13.47
GREAT WESTERN BANCORP INC.;31.16
GREEN DOT CORP.;47.32
GREENBRIER COMPANIES INC. THE;44.01
GREENHILL & CO. INC.;15.25
GREENTREE HOSPITALITY GROUP;8.82
GREIF INC. CLASS A;62.15
GREIF INC. CORP.;62.32
GRIFFON CORP.;23.56
GROUP 1 AUTOMOTIVE INC.;162.00
GRUPO AEROPORTUARIO DEL PACIFICO S.A. B;109.64
GRUPO AEROPORTUARIO DEL SURESTE S.A. DE;175.40
GRUPO AVAL ACCIONES Y VALORES S.A. ADR;5.84
GRUPO SUPERVIELLE S.A. ADS;2.25
GRUPO TELEVISA S.A.;12.42
GUESS? INC.;22.91
GUGGENHEIM CREDIT ALLOCATION FUND;21.67
GUGGENHEIM ENHANCED EQUITY INC. FUND;9.29
GUGGENHEIM STRATEGIC OPPORTUNITIES FUND;21.30
GUGGENHEIM TAXABLE MUNI. BOND & INVESTM;24.62
GUIDEWIRE SOFTWARE INC.;115.69
GUILD HOLDINGS CO.;14.67
GULFPORT ENERGY;64.81
GXO LOGISTICS INC.;83.13
H&R BLOCK INC.;25.16
H. B. FULLER COMPANY;66.80
HAEMONETICS CORP.;58.83
HALLIBURTON COMPANY;19.90
HAMILTON BEACH BRANDS HOLDING CO.;17.09
HANESBRANDS INC.;19.01
HANGER INC.;22.40
HANNON ARMSTRONG SUSTAINABLE INFRA. CAP;58.35
HANOVER INSURANCE GROUP INC;139.43
HARLEY-DAVIDSON INC.;39.46
HARMONY GOLD MINING CO.;3.63
HARSCO CORP.;18.66
HARTFORD FIN. GROUP;67.72
HARTFORD FIN. GROUP;26.40
HAVERTY FURNITURE COMPANIES;35.73
HAVERTY FURNITURE COMPANIES;35.72
HAWAIIAN ELECTRIC INDUSTRIES;43.38
HAYWARD HOLDINGS INC.;21.23
HC2 HOLDINGS INC.;3.57
HCA HEALTHCARE INC.;250.95
HCI GROUP INC.;105.02
HDFC BANK LTD.;77.75
HEALTHCARE REALTY TRUST INC.;29.72
HEALTHCARE TRUST OF AMERICA;29.33
HEALTHPEAK PROPERTIES INC.;35.24
HECLA MINING COMPANY;5.82
HEICO CORP.;115.91
HEICO CORP.;126.46
HELIX ENERGY SOLUTIONS GROUP;3.76
HELMERICH & PAYNE INC.;25.69
HERBALIFE NUTRITION;50.91
HERC HOLDINGS INC.;126.55
HERCULES CAPITAL;26.75
HERCULES CAPITAL INC.;16.86
HERITAGE INSURANCE HLD.;6.52
HERSHA HOSPITALITY TRUST CLASS A;9.07
HESS CORP.;68.16
HESS MIDSTREAM LP CLASS A SHARE;25.13
HEWLETT PACKARD ENTERPRISE CO.;15.22
HEXCEL CORP.;56.70
HIGH INCOME SECURITIES FUND;9.72
HIGHLAND GLOB. ALLOCATION FUND;9.73
HIGHLAND INCOME FUND;10.94
HIGHLAND TRANSCEND PARTNERS I;9.67
HIGHWOODS PROPERTIES INC.;45.05
HILL INTERNATIONAL INC.;2.43
HILL-ROM HOLDINGS INC;131.30
HILLENBRAND INC;44.53
HILLTOP HOLDINGS INC.;33.76
HILTON GRAND VACATIONS INC.;41.03
HILTON WORLDWIDE HLD.;125.29
HIMS & HERS HEALTH;7.61
HIPPO HOLDINGS INC.;4.32
HNI CORP.;38.08
HOEGH LNG PARTNERS LP;4.30
HOLLEY INC.;12.27
HOLLY ENERGY PARTNERS L.P.;18.31
HOLLYFRONTIER CORP.;30.53
HOME DEPOT INC. THE;321.63
HONDA MOTOR CO.;29.56
HORACE MANN EDUCATORS;41.50
HORIZON GLOBAL CORP.;7.73
HORIZON TECHNOLOGY FINANCE;25.90
HORMEL FOODS CORP.;45.09
HOULIHAN LOKEY INC. CLASS A;89.86
HOVNANIAN ENTERPRISES;100.54
HOWARD HUGHES CORP.;89.90
HOWMET AEROSPACE INC.;32.53
HP INC.;29.15
HPX;9.77
HSBC HOLDINGS PLC.;27.13
HUANENG POWER INTL;20.12
HUBBELL INC;206.35
HUBSPOT INC.;680.00
HUDBAY MINERALS INC.;5.91
HUDSON PACIFIC PROPERTIES INC.;25.91
HUMANA INC.;405.07
HUNTINGTON INGALLS INDUSTRIES;203.20
HUNTSMAN CORP.;25.58
HUYA INC. ADS;10.66
HYATT HOTELS CORP.;73.64
HYLIION HOLDINGS;8.88
HYSTER-YALE MATERIALS HANDLING;58.04
IAA INC.;53.01
IAMGOLD CORP.;2.32
IBERE PHARMACEUTICALS CLASS A;9.70
ICICI BANK LTD.;18.84
ICL GROUP;6.89
IDACORP INC.;105.08
IDEX CORP.;225.28
IDT CORP.;43.20
IHS MARKIT LTD.;118.83
IHUMAN INC. ADS;6.95
ILLINOIS TOOL WORKS INC.;228.85
IMAX CORP.;15.50
INDEPENDENCE CONTRACT DRILLING;3.15
INDEPENDENCE HOLDING CO.;42.50
INDEPENDENCE REALTY TRUST INC.;19.98
INDUSTRIAS BACHOCO S.A.B. DE C.V.;42.94
INFOSYS LTD.;23.75
ING GROUP N.V.;13.70
INGERSOLL RAND INC.;51.38
INGEVITY CORP.;80.12
INGREDION INC.;87.53
INNOVATIVE INDUSTRIAL PROPERTIES;236.40
INSIGHT SELECT INCOME FUND;21.09
INSPERITY INC.;108.36
INSPIRE MEDICAL SYSTEMS INC.;214.79
INSTALLED BUILDING PRODUCTS;123.84
INSTEEL INDUSTRIES INC.;38.45
INSTRUCTURE HOLDINGS INC.;22.59
INTEGER HOLDINGS;94.70
INTELLIGENT SYSTEMS;37.22
INTERCONTINENTAL EXCHANGE INC.;117.65
INTERCONTINENTAL HOTELS GROUP ADS EACH;62.61
INTERCORP FIN.;21.43
INTERNATIONA FLAVORS & FRAGRANCES;151.03
INTERNATIONAL GAME TECHNOLOGY;20.39
INTERNATIONAL PAPER CO.;59.07
INTERNATIONAL SEAWAYS INC.;16.70
INTERPRIVATE III FIN. PARTNERS;9.84
INTERPUBLIC GROUP OF COMPANIES;36.47
INTL. BUSINESS MACHINES;139.38
INTL. FLAVORS & FRAGRANCES;50.53
INTREPID POTASH INC;30.16
INVACARE CORP.;7.87
INVESCO BOND FUND;20.31
INVESCO CALIFORNIA VALUE MUNI. INC. TRU;14.06
INVESCO CREDIT OPPORTUNITIES FUND;11.72
INVESCO HIGH INC. 2023 TARGET TERM FUND;9.78
INVESCO HIGH INC. 2024 TARGET TERM FUND;9.73
INVESCO HIGH INCOME TRUST II;14.84
INVESCO LTD;25.08
INVESCO MORTGAGE CAPITAL INC;3.14
INVESCO MUNI. INC. OPPORTUNITIES TRUST;8.34
INVESCO MUNI. OPPORTUNITY TRUST;13.98
INVESCO MUNICIPAL TRUST;14.04
INVESCO PENNSYLVANIA VALUE MUNI. INC. T;13.53
INVESCO QUALITY MUNI. INC. TRUST;13.67
INVESCO SENIOR INCOME TRUST;4.37
INVESCO TRUST FOR INVESTMENT GRADE MUNI;14.17
INVESCO TRUST FOR INVESTMENT GRADE NEW;13.77
INVESCO VALUE MUNI. INC. TRUST;17.04
INVITAE CORP.;27.49
INVITATION HOMES INC.;40.30
ION GEOPHYSICAL;1.17
IQVIA HOLDINGS INC.;257.21
IRON MOUNTAIN INC.;45.83
IRONSOURCE;9.80
IRSA INVERSIONES Y;4.31
ISTAR INC.;25.55
ITAU CORPBANCA ADS EACH;4.11
ITAU UNIBANCO BANCO HOLDING SA ADS EACH;5.78
ITT INC.;97.36
J. ALEXANDER S HLD.;13.90
J. JILL INC.;20.58
J.M. SMUCKER CO.;123.53
JABIL INC.;60.42
JACOBS ENGINEERING GROUP INC.;134.12
JAMES HARDIE INDUSTRIES PLC ADS IRELAND;38.38
JANUS HENDERSON GROUP PLC;43.31
JANUS INTERNATIONAL GROUP INC.;14.98
JAPAN SMALLER CAPITALIZATION FUND INC;9.04
JBG SMITH PROPERTIES;29.66
JEFFERIES FINANCIAL GROUP INC.;36.86
JELD-WEN HOLDING INC.;28.42
JIANPU TECHNOLOGY INC. ADS;1.60
JINKOSOLAR HOLDING CO.;43.76
JMP GROUP LLC;7.14
JOBY AVIATION INC.;11.15
JOHN BEAN TECHNOLOGIES;139.03
JOHN HANCOCK FIN. OPPORTUNITIES FUND;43.71
JOHN HANCOCK HEDGED EQUITY & INC. FUND;13.32
JOHN HANCOCK INC. SECURITIES TRUST;15.90
JOHN HANCOCK INVESTORS TRUST;18.95
JOHN HANCOCK PFD INC. FUND II PFD INC.;22.39
JOHN HANCOCK PREF INC. FUND III PREF IN;19.27
JOHN HANCOCK PREF INCOME FUND;21.74
JOHN HANCOCK PREMIUM DIVIDEND FUND;16.83
JOHN HANCOCK TAX ADVANTAGED DIVIDEND IN;24.58
JOHN HANCOCK TAX-ADVANTAGED GLOB. SHARE;6.77
JOHN WILEY & SONS INC.;57.59
JOHN WILEY & SONS INC.;57.90
JOHNSON & JOHNSON;173.71
JOHNSON CONTROLS INTL. PLC ORD.;74.90
JONES LANG LASALLE INC.;237.76
JP MORGAN CHASE & CO.;162.14
JUMIA TECHNOLOGIES AG ADS;19.88
JUNIPER NETWORKS INC.;29.43
JUPAI HOLDINGS LTD.;1.27
KADANT INC;206.54
KAMAN CORP.;39.57
KANSAS CITY SOUTHERN;293.20
KANSAS CITY SOUTHERN PREF;35.78
KAR AUCTION SERVICES INC;16.90
KAYNE ANDERSON NEXTGEN ENERGY & INFRA.;7.18
KB FINANCIAL GROUP INC;45.87
KB HOME;42.63
KBR INC.;38.71
KE HOLDINGS INC ADS EACH;19.92
KELLOGG COMPANY;63.49
KEMPER CORP.;68.53
KENNAMETAL INC.;36.75
KENNEDY-WILSON HLD.;21.25
KENON HOLDINGS;38.31
KEYCORP;20.65
KEYSIGHT TECHNOLOGIES INC.;174.70
KILROY REALTY CORP.;65.06
KIMBELL ROYALTY PARTNERS;10.57
KIMBERLY-CLARK CORP.;136.36
KIMCO REALTY CORP.;21.79
KINDER MORGAN INC.;16.23
KINGSWAY FIN.;5.40
KINROSS GOLD CORP.;5.90
KIRBY CORP.;54.33
KIRKLAND LAKE GOLD;38.50
KITE REALTY GROUP TRUST;20.17
KKR & CO. INC.;64.56
KKR GROUP FINANCE CO. IX LLC 4.625% SUB;26.14
KKR INCOME OPPORTUNITIES FUND;16.34
KKR REAL ESTATE FINANCE TRUST;20.98
KNIGHT-SWIFT TRANSPORTATION HLD.;50.65
KNOT OFFSHORE PARTNERS LP;17.91
KNOWLES CORP.;19.66
KOHL S CORP.;57.50
KONINKLIJKE PHILIPS N.V. NY REGISTRY SH;44.73
KONTOOR BRANDS INC.;54.52
KOPPERS HLD.;31.69
KOREA ELECTRIC POWER;10.10
KORN FERRY;69.90
KOSMOS ENERGY LTD.;2.17
KRATON CORP.;40.88
KROGER COMPANY THE;45.33
KRONOS WORLDWIDE INC;13.30
KT CORP.;13.91
KUKE MUSIC HOLDING;6.10
L.S. STARRETT CO.;7.23
L3HARRIS TECHNOLOGIES INC.;233.38
LA-Z-BOY INC.;34.82
LABORATORY CORP.;301.26
LADDER CAPITAL CORP CLASS A;11.25
LAIX INC. ADS;1.000
LAMB WESTON HOLDINGS INC.;64.71
LANNETT CO INC;3.85
LAREDO PETROLEUM INC.;45.70
LAS VEGAS SANDS;43.06
LAZARD;48.02
LAZARD GLOB. TOTAL RETURN AND INC. FUND;21.46
LCI INDUSTRIES;142.52
LEAR CORP.;158.52
LEGGETT & PLATT INC.;48.48
LEHMAN ABS 3.50 3.50% ADJUSTABLE CORP B;31.75
LEIDOS HOLDINGS INC.;97.40
LEJU HOLDINGS LTD.;1.58
LEMONADE INC.;72.77
LENDINGCLUB CORP.;27.83
LENNAR CORP.;106.21
LENNAR CORP.;87.00
LENNOX INTERNATIONAL INC.;330.68
LEO HOLDINGS;9.63
LEO HOLDINGS III;9.86
LEVI STRAUSS & CO CLASS A;26.78
LEXINGTON REALTY TRUST;13.23
LG DISPLAY CO LTD ADS;8.81
LI-CYCLE HOLDINGS;8.67
LIBERTY ALL-STAR EQUITY FUND;8.47
LIBERTY OILFIELD SERVICES;10.08
LIFE STORAGE INC.;121.30
LIGHTINTHEBOX HOLDING CO.;1.22
LIGHTNING EMOTORS INC;7.15
LIGHTSPEED COMMERCE;99.96
LINCOLN NATIONAL;69.64
LINDE PLC ORDINARY SHARE;312.55
LINDSAY CORP.;166.54
LIONS GATE ENTERTAINMENT;12.14
LIONS GATE ENTERTAINMENT;11.12
LITHIA MOTORS INC.;333.70
LITHIUM AMERICAS;18.05
LIVE NATION ENTERTAINMENT INC.;84.67
LIVENT CORP.;24.17
LIVERAMP HOLDINGS INC.;44.43
LLOYDS BANKING GROUP PLC ADS;2.39
LMP CAPITAL AND INC. FUND;14.41
LOANDEPOT INC. CLASS A;8.27
LOCKHEED MARTIN;359.74
LOEWS CORP.;55.94
LOMA NEGRA COMPANIA INDUSTRIAL ARGENTIN;7.64
LOUISIANA-PACIFIC;62.75
LOWE S COMPANIES INC.;204.23
LSB INDUSTRIES INC.;8.28
LTC PROPERTIES INC.;34.23
LUBY S INC.;4.10
LUFAX HOLDING LTD ADS TWO OF WHICH;8.70
LUMBER LIQUIDATORS HLD.;19.87
LUMEN TECHNOLOGIES INC.;12.36
LUMENT FINANCE TRUST INC.;4.06
LUXFER HOLDINGS PLC;20.82
LYDALL INC.;61.87
LYONDELLBASELL INDUSTRIES NV;102.40
M&T BANK CORP.;141.10
M.D.C. HOLDINGS INC.;51.19
M/I HOMES INC.;63.62
MACERICH COMPANY THE;16.09
MACK-CALI REALTY;17.53
MACQUARIE FIRST TRUST GLOBAL;9.85
MACQUARIE GLOB. INFRA. TOTAL RETURN FUN;23.83
MACQUARIE INFRASTRUCTURE;39.75
MACY S INC;22.48
MADISON COVERED CALL & EQUITY STRATEGY;8.14
MADISON SQUARE GARDEN ENTERTAINMENT;74.97
MADISON SQUARE GARDEN SPORTS;171.33
MAGELLAN MIDSTREAM PARTNERS L.P.;48.36
MAGNA INTERNATIONAL INC.;79.12
MAGNACHIP SEMICONDUCTOR;18.88
MAGNOLIA OIL & GAS;2.87
MAGNOLIA OIL & GAS;14.18
MAIDEN HLD.;23.58
MAIDEN HOLDINGS;22.07
MAIN STREET CAPITAL;41.72
MAINSTAY MACKAY DEFINEDTERM MUNI. OPPOR;22.58
MANCHESTER UNITED;17.06
MANITOWOC CO.;24.60
MANNING & NAPIER INC. CLASS A;9.78
MANPOWERGROUP;121.58
MANULIFE FINANCIAL;19.82
MARATHON OIL CORP.;11.55
MARATHON PETROLEUM;58.27
MARCUS & MILLICHAP INC.;38.19
MARCUS CORP.;15.60
MARINE PRODUCTS;13.85
MARINEMAX INC.  FL;48.78
MARKEL CORP.;1270.92
MARKFORGED HOLDING;8.22
MARRIOTT VACATIONS WORLDWIDE;150.61
MARSH & MCLENNAN COMPANIES;155.36
MARTIN MARIETTA MATERIALS INC.;384.52
MASCO CORP.;61.59
MASON INDUSTRIAL TECHNOLOGY;9.68
MASONITE INTERNATIONAL;120.56
MASTEC INC.;93.24
MASTERCARD INC.;352.74
MATADOR RESOURCES CO.;26.81
MATERION CORP.;68.83
MATSON INC.;77.11
MAUI LAND & PINEAPPLE CO.;11.06
MAXAR TECHNOLOGIES INC.;29.72
MAXIMUS INC.;84.81
MAXLINEAR INC.;51.32
MAYVILLE ENGINEERING CO.;15.28
MBIA INC.;11.61
MCCORMICK & CO.;84.45
MCCORMICK & CO.;85.13
MCDONALD S CORP.;236.86
MCEWEN MINING INC.;1.11
MCKESSON CORP.;196.41
MDU RESOURCES GROUP INC.;32.15
MECHEL PAO ADS EACH;1.19
MECHEL PAO ADS EACH REP. 1;2.69
MEDALLIA INC.;33.77
MEDIAALPHA INC. CLASS A;23.06
MEDICAL PROPERTIES TRUST INC.;19.92
MEDIFAST INC;220.86
MEDNAX INC.;33.14
MEDTRONIC PLC.;133.67
MEMBERSHIP COLLECTIVE GROUP;11.10
MERCK & COMPANY INC.;76.85
MERCURY GENERAL;58.92
MEREDITH CORP.;41.29
MERIDIANLINK INC.;25.80
MERITAGE HOMES CORP.;109.94
MERITOR INC.;23.64
MERRILL LYNCH DEPOSITOR INC PPLUS TR SE;23.50
MESA ROYALTY TRUST;5.64
MESABI TRUST;32.46
METHODE ELECTRONICS INC.;47.22
METLIFE INC.;62.08
METROPOLITAN BANK HOLDING;77.80
METTLER-TOLEDO INTL.;1551.74
MFA FINANCIAL INC.;4.73
MFS CHARTER INCOME TRUST;8.66
MFS GOVERNMENT MARKETS INC. TRUST;4.40
MFS HIGH INC. MUNI. TRUST;5.47
MFS INTERMEDIATE HIGH INC. FUND;2.87
MFS INTERMEDIATE INCOME TRUST;3.68
MFS INVESTMENT GRADE MUNI. TRUST;10.32
MFS MULTIMARKET INCOME TRUST;6.34
MFS MUNICIPAL INCOME TRUST;4.83
MFS MUNICIPAL INCOME TRUST;7.28
MFS SPECIAL VALUE TRUST;6.62
MGIC INVESTMENT;15.24
MGM GROWTH PROPERTIES LLC CLASS A;39.75
MGM RESORTS INTERNATIONAL;41.88
MICRO FOCUS INTL PLC ADS;5.95
MID-AMERICA APARTMENT COMMUNITIES;188.42
MILLER INDUSTRIES INC.;37.12
MILLER/HOWARD HIGH INC. EQUITY FUND;10.01
MINERALS TECHNOLOGIES INC.;77.31
MINISO GROUP HOLDING;13.08
MISSION ADVANCEMENT;9.67
MISTER CAR WASH INC.;18.68
MISTRAS GROUP INC;9.64
MITSUBISHI UFJ FIN. GROUP;5.47
MIX TELEMATICS LTD.;13.13
MIZUHO FIN. GROUP;2.82
MOBILE TELESYSTEMS PJSC;8.94
MODEL N INC.;33.81
MODINE MANUFACTURING CO.;12.50
MOELIS & CO.;62.17
MOGU INC. ADS EACH;1.01
MOHAWK INDUSTRIES INC.;201.04
MOLINA HEALTHCARE INC;262.81
MOLSON COORS BEVERAGE CO.;47.38
MOLSON COORS BEVERAGE CO.;60.82
MONMOUTH REAL ESTATE INVESTMENT;18.83
MONTROSE ENVIRONMENTAL GROUP;49.22
MOODY S CORP.;375.68
MOOG INC. CLASS A;76.15
MOOG INC. CLASS B;76.34
MORGAN STANLEY;104.06
MORGAN STANLEY CHINA A SHARE FUND;20.93
MOSAIC COMPANY THE;31.85
MOTIVE CAPITAL CORP CLASS A;9.72
MOTOROLA SOLUTIONS INC.;241.88
MOVADO GROUP INC.;34.62
MP MATERIALS CORP.;33.04
MPLX LP;27.90
MRC GLOBAL INC.;7.97
MSA SAFETY INC.;158.58
MSC INDUSTRIAL DIRECT CO.;83.61
MSCI INC;626.48
MUELLER INDUSTRIES INC.;44.34
MUELLER WATER PRODUCTS;15.94
MULTIPLAN CORP.;5.74
MURPHY OIL CORP.;21.05
MURPHY USA INC.;152.74
MV OIL TRUST UNITS OF BENEFICIAL INTERE;6.37
MYERS INDUSTRIES INC.;22.41
MYOVANT SCIENCES;22.50
MYT NETHERLANDS PARENT B.V. ADS;28.33
N-ABLE INC.;13.35
NABORS INDUSTRIES;75.50
NACCO INDUSTRIES INC.;26.15
NAM TAI PROPERTY INC.;24.75
NATIONAL BANK HOLDINGS;37.02
NATIONAL FUEL GAS CO.;50.63
NATIONAL GRID TRANSCO PLC NATIONAL GRID;64.73
NATIONAL HEALTH INVESTORS INC.;60.48
NATIONAL PRESTO INDUSTRIES;85.36
NATIONAL RETAIL PROPERTIES;46.60
NATIONAL RURAL UTILITIES COOPERATIVE FI;27.03
NATIONAL STORAGE AFFILIATES TRUST;55.87
NATURA &CO HOLDING S.A. ADS;20.04
NATURAL GAS SERVICES GROUP;9.35
NATURAL GROCERS BY VITAMIN COTTAGE;11.36
NATURAL RESOURCE PARTNERS LP;20.25
NATUZZI S.P.A.;15.61
NATWEST GROUP PLC ADS;5.99
NAUTILUS INC.;12.22
NAVIGATOR HOLDINGS;8.90
NAVIOS MARITIME HLD.;4.54
NAVIOS MARITIME PARTNERS LP;25.60
NAVSIGHT HLD.;9.93
NCR CORP.;42.69
NEENAH INC.;49.26
NELNET INC.;78.59
NEOPHOTONICS CORP.;9.12
NETSTREIT CORP.;25.48
NEUBERGER BERMAN NEXT GENERATION CONNEC;20.04
NEVRO CORP.;113.36
NEW FRONTIER HEALTH;11.25
NEW HOME CO.;8.96
NEW IRELAND FUND INC THE;13.15
NEW ORIENTAL EDUCATION & TECHNOLOGY GRO;2.05
NEW RELIC INC.;77.95
NEW RESIDENTIAL INVESTMENT;10.47
NEW SENIOR INVESTMENT GROUP;8.56
NEW YORK CITY REIT;9.42
NEW YORK COMMUNITY BANCORP;51.71
NEW YORK COMMUNITY BANCORP;12.45
NEW YORK TIMES CO.;50.40
NEWJERSEY RESOURCES;36.99
NEWMARKET CORP;346.77
NEWMONT CORP.;57.09
NEWPARK RESOURCES INC.;2.34
NEXA RESOURCES S.A.;7.60
NEXPOINT REAL ESTATE FINANCE;20.96
NEXPOINT RESIDENTIAL TRUST;61.39
NEXPOINT STRATEGIC OPPORTUNITIES FUND;14.93
NEXTERA ENERGY INC.;84.09
NEXTERA ENERGY INC. 6.219%;54.80
NEXTERA ENERGY PARTNERS LP;79.82
NEXTIER OILFIELD SOLUTIONS;3.55
NGL ENERGY PARTNERS LP;1.48
NIELSEN N.V.;21.35
NIKE INC.;166.61
NINE ENERGY SERVICE INC.;2.02
NIO INC. ADS;38.26
NISOURCE INC;24.93
NISOURCE INC SERIES A;106.91
NL INDUSTRIES INC.;6.61
NOAH HOLDINGS LTD.;36.60
NOBLE CORP.;22.78
NOKIA CORP.;6.04
NOMAD FOODS LTD.;26.55
NOMURA HLD.;4.78
NORDIC AMERICAN TANKERS;2.29
NORDSTROM INC.;29.10
NORFOLK SOUTHERN;259.30
NORTH AMERICAN CONSTRUCTION GROUP;13.71
NORTH EUROPEAN OIL ROYALITY TRUST;6.88
NORTHERN STAR INVESTMENT;9.75
NORTHERN STAR INVESTMENT;9.86
NORTHERN STAR INVESTMENT;9.66
NORTHROP GRUMMAN;363.89
NORTHWEST NATURAL HOLDING CO.;51.04
NORWEGIAN CRUISE LINE HLD.;25.53
NOUVEAU MONDE GRAPHITE INC.;6.30
NOV INC.;13.17
NOVARTIS AG;91.62
NOVO NORDISK A/S;104.06
NOVUS CAPITAL CORP.;9.67
NOW INC.;7.49
NRG ENERGY INC.;45.68
NU SKIN ENTERPRISES INC.;51.10
NUCOR CORP.;119.71
NUSTAR ENERGY L.P.;16.27
NUSTAR LOGISTICS L.P. 7.625% FIXED-TO-F;25.18
NUTRIEN LTD.;60.01
NUVATION BIO INC. CLASS A;9.66
NUVEEN AMT-FREE MUNI. CREDIT INC. FUND;18.07
NUVEEN AMT-FREE MUNI. VALUE FUND;17.52
NUVEEN AMT-FREE QUALITY MUNI. INC. FUND;15.81
NUVEEN ARIZONA QUALITY MUNI. INC. FUND;16.08
NUVEEN CALIFORNIA AMT-FREE QUALITY MUNI;16.55
NUVEEN CALIFORNIA MUNI. VALUE FUND;10.69
NUVEEN CALIFORNIA QUALITY MUNI. INC. FU;15.85
NUVEEN CALIFORNIA SELECT TAX-FREE INC.;16.50
NUVEEN CORE EQUITY ALPHA FUND NUVEEN CO;17.01
NUVEEN CORE PLUS IMPACT FUND;19.71
NUVEEN CORP.;9.38
NUVEEN CORP.;9.92
NUVEEN CREDIT OPPORTUNITIES 2022 TARGET;8.28
NUVEEN CREDIT STRATEGIES INC. FUND SHAR;6.51
NUVEEN DIV. DIVIDEND AND INC. FUND SHAR;10.52
NUVEEN DOW 30SM DYNAMIC OVERWRITE FUND;17.54
NUVEEN DYNAMIC MUNI. OPPORTUNITIES FUND;17.26
NUVEEN EMERGING MARKETS DEBT 2022 TARGE;8.07
NUVEEN ENHANCED MUNI. VALUE FUND;16.90
NUVEEN FLOATING RATE INC. FUND;9.88
NUVEEN FLOATING RATE INC. OPPORTUNTIY F;9.81
NUVEEN GEORGIA QUALITY MUNI. INC. FUND;13.80
NUVEEN GLOBAL HIGH INCOME FUND;16.04
NUVEEN INTERMEDIATE DURATION MUNI. TERM;14.83
NUVEEN MASSACHUSETTS QUALITY MUNI. INC.;15.20
NUVEEN MINNESOTA QUALITY MUNI. INC. FUN;15.91
NUVEEN MISSOURI QUALITY MUNI. INC. FUND;15.81
NUVEEN MORTGAGE AND INC. FUND;21.03
NUVEEN MULTI-MARKET INC. FUND MA;7.43
NUVEEN MUNI. CREDIT INC. FUND;17.41
NUVEEN MUNI. CREDIT OPPORTUNITIES FUND;15.82
NUVEEN MUNI. HIGH INC. OPPORTUNITY FUND;15.45
NUVEEN NEW JERSEY QUALIFIED MUNI. FUND;15.57
NUVEEN NEW YORK AMT-FREE QUALITY MUNI.;14.26
NUVEEN NEW YORK MUNI. VALUE FUND;10.23
NUVEEN NEW YORK QUALITY MUNI. INC. FUND;15.23
NUVEEN NEW YORK SELECT TAX-FREE INC. PO;14.27
NUVEEN OHIO QUALITY MUNI. INC. FUND;16.44
NUVEEN PENNSYLVANIA QUALITY MUNI. INC.;15.09
NUVEEN PREF & INC. OPPORTUNITIES FUND;9.98
NUVEEN PREF & INC. SECURITIES FUND;9.97
NUVEEN PREF AND INC. 2022 TERM FUND;25.07
NUVEEN PREF AND INC. TERM FUND;25.60
NUVEEN QUALITY MUNI. INC. FUND;16.26
NUVEEN REAL ASSET INC. AND GROWTH FUND;15.86
NUVEEN REAL ESTATE INCOME FUND;11.24
NUVEEN S&P 500 BUY-WRITE INC. FUND;14.90
NUVEEN S&P 500 DYNAMIC OVERWRITE FUND;18.18
NUVEEN SELECT MATURITIES MUNI. FUND;10.87
NUVEEN SELECT TAX FREE INC. PORTFOLIO;17.48
NUVEEN SELECT TAX FREE INC. PORTFOLIO I;16.01
NUVEEN SELECT TAX FREE INC. PORTFOLIO I;18.08
NUVEEN SENIOR INCOME FUND;5.72
NUVEEN SHORT DURATION CREDIT OPPORTUNIT;14.78
NUVEEN TAX-ADVANTAGED DIVIDEND GROWTH F;16.33
NUVEEN TAX-ADVANTAGED TOTAL RETURN STRA;11.49
NUVEEN TAXABLE MUNI. INC. FUND;23.15
NUVEEN VIRGINIA QUALITY MUNI. INC. FUND;17.25
NUVEENN INTERMEDIATE DURATION QUALITY M;14.93
NVENT ELECTRIC PLC;33.89
NVR INC.;5114.54
O-I GLASS INC.;14.93
OAK STREET HEALTH INC.;47.00
OCCIDENTAL PETROLEUM;24.15
OCEANEERING INTERNATIONAL INC.;12.07
OCWEN FINANCIAL;27.48
OFG BANCORP;23.45
OGE ENERGY CORP;35.77
OI S.A. ADS EACH;1.09
OIL STATES INTERNATIONAL INC.;5.61
OIL-DRI CORP.;35.35
OLD REPUBLIC INTERNATIONAL;26.49
OLIN CORP.;47.26
OLO INC. CLASS A;44.99
OMEGA HEALTHCARE INVESTORS;32.91
OMNICOM GROUP INC.;71.62
ON24 INC.;23.35
ONE GAS INC.;71.31
ONE LIBERTY PROPERTIES INC.;31.33
ONE MADISON CORP.;1.35
ONECONNECT FIN. TECHNOLOGY CO.;4.15
ONEMAIN HOLDINGS INC.;57.09
ONEOK INC.;52.73
ONESMART INTL. EDUCATION GROUP;0.540
ONION GLOBAL LTD.;3.02
ONTO INNOVATION INC.;72.60
OOMA INC.;17.82
OPPENHEIMER HLD.;46.33
OPPFI INC. CLASS A;6.79
ORACLE CORP.;88.89
ORANGE;11.44
ORCHID ISLAND CAPITAL INC.;5.11
ORGANON & CO.;33.75
ORION ENGINEERED CARBONS S.A;17.52
ORION GROUP HLD.;5.41
ORIX CORP ADS;93.66
ORMAT TECHNOLOGIES INC.;68.35
OSCAR HEALTH INC. CLASS A;13.57
OSHKOSH CORP.;115.57
OSISKO GOLD ROYALTIES LTD;12.05
OTIS WORLDWIDE CORP.;91.48
OUSTER INC.;8.79
OUTFRONT MEDIA INC.;24.44
OVERSEAS SHIPHOLDING GROUP;2.58
OVINTIV INC. DE;25.59
OWENS & MINOR INC.;36.71
OWENS CORNING INC;96.50
OWL ROCK CAPITAL;14.56
OWLET INC. CLASS A;6.71
OXFORD INDUSTRIES INC.;90.59
PACIFIC GAS & ELECTRIC CO.;9.21
PACIFIC GAS & ELECTRIC CO. EQUITY UNIT;92.57
PACKAGING CORP.;149.73
PAGERDUTY INC.;39.73
PAGSEGURO DIGITAL;57.98
PALANTIR TECHNOLOGIES;24.70
PALO ALTO NETWORKS INC.;453.20
PAMPA ENERGIA S.A. PAMPA ENERGIA S.A.;16.94
PAR PACIFIC HLD.;15.54
PAR TECHNOLOGY CORP.;64.55
PARAMOUNT GROUP INC.;8.75
PARK AEROSPACE CORP.;14.90
PARK HOTELS & RESORTS INC.;18.75
PARKER-HANNIFIN;302.88
PARSONS CORP.;35.98
PARTY CITY HOLDCO INC.;6.62
PAYCOM SOFTWARE INC.;482.47
PAYMENTUS HLD.;25.21
PAYSAFE LTD.;8.28
PBF ENERGY INC. CLASS A;9.40
PBF LOGISTICS LP;11.53
PEABODY ENERGY CORP.;13.91
PEARSON PLC;10.64
PEBBLEBROOK HOTEL TRUST;21.17
PEMBINA PIPELINE;30.58
PENNSYLVANIA REAL ESTATE INVESTMENT TRU;1.95
PENNYMAC FIN.;65.79
PENNYMAC MORTGAGE INVESTMENT TRUST;19.19
PENSKE AUTOMOTIVE GROUP INC.;87.20
PENTAIR PLC. ORD.;76.79
PENUMBRA INC.;269.06
PERFORMANCE FOOD GROUP CO.;46.40
PERIPHAS CAPITAL PARTNERING;24.09
PERKINELMER INC.;182.80
PERMIAN BASIN ROYALTY TRUST;5.26
PERMIANVILLE ROYALTY TRUST TRUST UNITS;1.81
PERMROCK ROYALTY TRUST TRUST UNITS;6.44
PERRIGO CO.;40.39
PERSHING SQUARE TONTINE HLD.;19.78
PETROCHINA CO.;39.98
PETROLEO BRASILEIRO S.A.- PETROBRAS;10.81
PETROLEO BRASILEIRO S.A.- PETROBRAS ADS;10.50
PFIZER INC.;47.38
PGIM SHORT DURATION HIGH YIELD OPPORTUN;18.98
PGT INNOVATIONS INC.;20.83
PHILIP MORRIS INTL. INC;101.46
PHILLIPS 66;70.63
PHILLIPS 66 PARTNERS LP;35.44
PHOENIX NEW MEDIA;1.26
PHREESIA INC.;69.23
PHX MINERALS INC.;2.60
PHYSICIANS REALTY TRUST;18.17
PIEDMONT OFFICE REALTY TRUST;17.65
PIMCO CALIFORNIA MUNI. INC. FUND;18.91
PIMCO CALIFORNIA MUNI. INC. FUND II;9.74
PIMCO CALIFORNIA MUNI. INC. FUND III;11.44
PIMCO CORP.;18.35
PIMCO CORP.;19.85
PIMCO DYNAMIC CREDIT AND MORTGAGE INC.;22.24
PIMCO DYNAMIC INC. OPPORTUNITIES FUND;21.43
PIMCO DYNAMIC INCOME FUND;28.22
PIMCO ENERGY AND TACTICAL CREDIT OPPORT;11.42
PIMCO GLOB. STOCKSPLUS & INC. FUND PIMC;11.20
PIMCO HIGH INC. FUND PIMCO HIGH INC. FU;6.75
PIMCO INC. STRATEGY FUND SHARES OF BENE;12.86
PIMCO INCOME OPPORTUNITY FUND;26.42
PIMCO INCOME STRATEGY FUND II;11.11
PIMCO MUNI. INC. FUND III;13.20
PIMCO MUNICIPAL INCOME FUND;15.37
PIMCO MUNICIPAL INCOME FUND II;15.09
PIMCO NEW YORK MUNI. INC. FUND;13.24
PIMCO NEW YORK MUNI. INC. FUND II;11.90
PIMCO NEW YORK MUNI. INC. FUND III;10.46
PING IDENTITY HOLDING;25.06
PINNACLE WEST CAPITAL;77.25
PINTEREST INC. CLASS A;56.62
PIONEER NATURAL RESOURCES CO.;147.14
PIPER SANDLER COMPANIES;143.07
PITNEY BOWES INC.;7.47
PIVOTAL INVESTMENT;9.64
PJT PARTNERS INC. CLASS A;79.74
PLANET FITNESS INC.;79.26
PLANTRONICS INC.;31.07
PLAYAGS INC.;8.26
PLDT INC. SPONSORED ADR;28.25
PLYMOUTH INDUSTRIAL REIT INC.;22.30
PNC FIN. GROUP;191.69
PNM RESOURCES INC. HOLDING CO.;49.65
POLARIS INC.;124.25
PONTEM CORP.;9.63
PORTLAND GENERAL ELECTRIC CO;50.40
POSCO;68.02
POST HOLDINGS INC.;112.08
POST HOLDINGS PARTNERING;9.69
POSTAL REALTY TRUST;19.43
POWERSCHOOL HLD.;31.53
PPG INDUSTRIES INC.;161.90
PPL CORP.;29.21
PPLUS TR GSC-2 TR CTF FLTG RATE;24.06
PRECISION DRILLING;30.81
PREFERRED APARTMENT COMMUNITIES;12.09
PRESTIGE CONSUMER HEALTHCARE;56.49
PRETIUM RESOURCES INC.;9.96
PRIMERICA INC.;151.32
PRIMO WATER CORP.;17.45
PRINCIPAL REAL ESTATE INC. FUND;15.42
PROASSURANCE CORP.;24.94
PROCORE TECHNOLOGIES INC.;89.48
PROCTER & GAMBLE CO.;142.34
PROG HOLDINGS INC.;45.91
PROGRESSIVE CORP.;96.25
PROLOGIS INC.;130.31
PROPETRO HOLDING;7.35
PROS HOLDINGS INC.;41.96
PROSPECT CAPITAL;25.70
PROSPERITY BANCSHARES INC.;70.28
PROTO LABS INC.;71.93
PROVIDENT FIN. INC;21.98
PRUDENTIAL FIN.;25.95
PRUDENTIAL FIN.;27.34
PRUDENTIAL FINANCIAL INC.;106.31
PRUDENTIAL PUBLIC;26.58
PRUDENTIAL PUBLIC;42.09
PS BUSINESS PARKS;26.75
PS BUSINESS PARKS;27.88
PS BUSINESS PARKS;26.73
PS BUSINESS PARKS;25.35
PS BUSINESS PARKS INC. MD;150.88
PT TELEKOMUNIKASI INDONESIA TBK;23.14
PUBLIC SERVICE ENTERPRISE GROUP;64.24
PUBLIC STORAGE;318.48
PUBLIC STORAGE DEPOSITARY SHARES;25.14
PULTEGROUP INC.;53.45
PURE STORAGE INC. CLASS A;23.95
PUTNAM MANAGED MUNI. INC. TRUST;8.56
PUTNAM MASTER INTERMEDIATE INC. TRUST;4.09
PUTNAM MUNI. OPPORTUNITIES TRUST;14.62
PUTNAM PREMIER INCOME TRUST;4.57
PUXIN LTD.;0.601
PVH CORP.;105.46
PZENA INVESTMENT MANAGEMENT INC CLASS A;11.31
Q2 HOLDINGS INC.;84.20
QIAGEN N.V.;54.52
QTS REALTY TRUST INC. CLASS A;77.89
QUAD GRAPHICS INC CLASS A;4.30
QUAKER CHEMICAL;246.01
QUANEX BUILDING PRODUCTS;23.40
QUANTA SERVICES INC.;101.57
QUANTUMSCAPE CORP.;21.42
QUDIAN INC. ADS;1.64
QUEST DIAGNOSTICS INC.;149.50
QUOTIENT TECHNOLOGY INC.;7.05
QVC;26.49
QVC;26.37
QWEST CORP.;25.47
QWEST CORP.;26.42
R.R. DONNELLEY & SONS CO.;4.70
RADIAN GROUP INC.;23.78
RAFAEL HLD.;47.01
RALPH LAUREN CORP.;116.59
RANGE RESOURCES;13.80
RANGER ENERGY SERVICES;7.48
RANPAK HLD.;30.41
RAYMOND JAMES FINANCIAL INC.;139.18
RAYONIER ADVANCED MATERIALS;6.71
RAYONIER INC. REIT;35.40
RAYTHEON TECHNOLOGIES;85.00
RE/MAX HLD.;33.63
READY CAPITAL CORP.;26.21
READY CAPITAL CORP.;26.94
READY CAPITAL CORP.;25.87
READY CAPITAL CORPROATION;15.25
REALOGY HOLDINGS;17.30
REALTY INCOME CORP.;71.02
REDWOOD TRUST INC.;12.36
REGAL BELOIT CORP.;151.24
REGALWOOD GLOBAL ENERGY;0.001
REGIONAL MANAGEMENT;57.43
REGIONS FINANCIAL;20.69
REGIS CORP.;6.31
REINSURANCE GROUP OF AMERICA;28.86
REINSURANCE GROUP OF AMERICA;116.18
REINSURANCE GROUP OF AMERICA;26.85
RELIANCE STEEL & ALUMINUM CO.;151.08
RELX PLC PLC ADS EACH;30.03
RENAISSANCERE HOLDINGS;160.67
RENESOLA;6.78
RENREN INC. ADS;10.83
REPUBLIC SERVICES INC.;123.05
RESIDEO TECHNOLOGIES INC.;30.90
RESMED INC.;284.32
RESOLUTE FOREST PRODUCTS INC.;12.48
RESTAURANT BRANDS INTL.;64.62
RETAIL PROPERTIES OF AMERICA;12.59
RETAIL VALUE INC.;24.59
REV GROUP INC.;15.69
REVLON INC. NEW;11.27
REVOLVE GROUP INC. CLASS A;56.69
REX AMERICAN RESOURCES;82.89
REXFORD INDUSTRIAL REALTY INC.;60.01
REXNORD CORP.;60.86
RH;700.99
RIBBIT LEAP;9.99
RINGCENTRAL INC. CLASS A;254.12
RIO TINTO PLC;73.87
RISKIFIED;25.46
RITCHIE BROS. AUCTIONEERS INC.;62.02
RITE AID CORP.;16.74
RIVERNORTH FLEXIBLE MUNI. INC. FUND II;21.30
RIVERNORTH SPECIALTY FINANCE;25.44
RIVERNORTH SPECIALTY FINANCE;19.43
RLI CORP.;108.91
RLJ LODGING TRUST;14.06
RLX TECHNOLOGY INC. ADS;4.72
ROBERT HALF INTERNATIONAL INC.;103.37
ROBLOX CORP.;87.16
ROCKET COMPANIES INC. CLASS A;17.90
ROCKET INTERNET GROWTH OPPORTUNITIES;9.65
ROCKLEY PHOTONICS HLD.;7.56
ROCKWELL AUTOMATION INC.;320.10
ROGERS COMMUNICATION INC.;50.24
ROGERS CORP.;205.01
ROLLINS INC.;38.26
ROMEO POWER INC. CLASS A;5.25
ROPER TECHNOLOGIES INC.;478.61
ROYAL BANK OF CANADA;105.35
ROYAL BANK OF CANADA 6.750% FIXED RATE/;27.70
ROYAL DUTCH SHELL PLC ROYAL DUTCH SHELL;39.15
ROYAL DUTCH SHELL PLC ROYAL DUTCH SHELL;39.59
ROYCE GLOBAL VALUE TRUST INC.;15.69
ROYCE MICRO-CAP TRUST INC.;11.66
ROYCE VALUE TRUST INC.;18.55
RPC INC.;3.69
RPM INTERNATIONAL INC.;83.28
RPT REALTY;12.66
RUSH STREET INTERACTIVE;14.35
RYAN SPECIALTY GROUP HLD.;31.61
RYB EDUCATION INC. ADS;2.80
RYDER SYSTEM INC.;78.76
RYERSON HOLDING;22.75
RYMAN HOSPITALITY PROPERTIES;78.18
S&P GLOBAL INC.;436.76
SABA CAPITAL INC. & OPPORTUNITIES FUND;4.56
SABINE ROYALTY TRUST;37.95
SAFE BULKERS INC;3.93
SAFEGUARD SCIENTIFICS INC. NEW;7.60
SAFEHOLD INC.;87.90
SAILPOINT TECHNOLOGIES HLD.;46.58
SALESFORCE.COM INC;273.34
SALIENT MIDSTREAM;5.45
SALLY BEAUTY HLD.;18.50
SAN JUAN BASIN ROYALTY TRUST;4.05
SANDBRIDGE X2;9.63
SANDRIDGE ENERGY INC.;9.26
SANDSTORM GOLD;6.26
SANTANDER CONSUMER USA HLD.;41.53
SAP  SE ADS;147.43
SARATOGA INVESTMENT CORP 6.25% NOTES DU;25.00
SARATOGA INVESTMENT CORP 7.25% NOTES DU;26.17
SARATOGA INVESTMENT CORP NEW;28.10
SASOL LTD. ADS;14.74
SAUL CENTERS INC.;45.17
SCHLUMBERGER N.V.;28.21
SCHNEIDER NATIONAL INC.;22.10
SCHWEITZER-MAUDUIT INTL.;37.28
SCIENCE APPLICATIONS INTL.;83.59
SCORPIO TANKERS;24.94
SCORPIO TANKERS INC.;15.27
SCOTTS MIRACLE-GRO CO.;158.29
SCULLY ROYALTY LTD.;11.72
SCULPTOR CAPITAL MANAGEMENT;28.04
SCVX;9.90
SEA LTD.;315.16
SEABRIDGE GOLD INC.;17.40
SEACOR MARINE HLD.;4.25
SEALED AIR CORP.;60.88
SEAWORLD ENTERTAINMENT INC.;51.22
SELECT ENERGY SERVICES;5.62
SELECT MEDICAL HOLDINGS;33.09
SELECTQUOTE INC.;7.94
SEMRUSH HLD.;24.00
SENDAS DISTRIBUIDORA S A ADS;16.61
SENSATA TECHNOLOGIES HOLDING PLC;59.69
SENSIENT TECHNOLOGIES;86.07
SENTINELONE INC. CLASS A;60.09
SEQUANS COMMUNICATIONS S.A. ADS;4.99
SERITAGE GROWTH PROPERTIES CLASS A;15.58
SERVICE CORP.;62.54
SERVICENOW INC.;622.30
SERVISFIRST BANCSHARES INC.;72.60
SFL CORP.;8.09
SHAKE SHACK INC. CLASS A;86.02
SHAW COMMUNICATIONS INC.;29.23
SHELL MIDSTREAM PARTNERS L.P.;12.04
SHERWIN-WILLIAMS CO.;301.87
SHIFT4 PAYMENTS INC. CLASS A;81.66
SHINHAN FIN. GROUP CO LTD ADS;33.46
SHOPIFY;1529.81
SHUTTERSTOCK INC.;111.77
SIGNET JEWELERS LTD.;72.58
SIGNIFY HEALTH INC. CLASS A;25.98
SILVERBOW RESORCES INC.;17.26
SILVERGATE CAPITAL;109.86
SIMILARWEB;18.71
SIMON PROPERTY GROUP INC.;131.38
SIMPSON MANUFACTURING CO.;111.98
SINOPEC SHANGAI PETROCHEMICAL CO.;21.49
SIRIUSPOINT LTD.;9.83
SITE CENTERS CORP.;15.63
SITEONE LANDSCAPE SUPPLY INC.;195.73
SIX FLAGS ENTERTAINMENT;41.96
SIXTH STREET SPECIALTY LENDING;23.03
SJW GROUP;68.45
SK TELECOM CO. LTD.;27.53
SKECHERS U.S.A. INC.;49.76
SKILLSOFT;9.37
SKILLZ INC. CLASS A;10.65
SKYLINE CHAMPION;62.18
SL GREEN REALTY CORP;70.18
SM ENERGY COMPANY;17.31
SMARTRENT INC. CLASS A;11.93
SMARTSHEET INC. CLASS A;76.31
SMITH & NEPHEW SNATS INC.;38.77
SNAP INC. CLASS A;71.95
SNAP-ON INC.;225.28
SNOWFLAKE INC. CLASS A;298.08
SOCIAL CAPITAL HEDOSOPHIA HLD.;9.85
SOCIAL CAPITAL HEDOSOPHIA HLD.;9.94
SOCIEDAD QUIMICA Y MINERA S.A.;51.10
SOGOU INC. ADS;8.78
SOLARIS OILFIELD INFRA.;7.31
SOLARWINDS CORP.;17.52
SONIC AUTOMOTIVE INC.;49.86
SONOCO PRODUCTS CO.;64.78
SONY GROUP CORP.;101.99
SOS LTD.;2.58
SOURCE CAPITAL INC.;46.28
SOUTH JERSEY INDUSTRIES;26.80
SOUTH JERSEY INDUSTRIES INC.;24.61
SOUTH JERSEY INDUSTRIES INC.;53.90
SOUTHERN CO.;26.02
SOUTHERN CO.;25.30
SOUTHERN CO.;53.07
SOUTHERN CO.;26.71
SOUTHERN CO.;53.07
SOUTHERN COMPANY THE;66.14
SOUTHERN COPPER;61.09
SOUTHWEST AIRLINES CO.;50.44
SOUTHWEST GAS HLD.;68.71
SOUTHWESTERN ENERGY CO.;4.17
SPECIAL OPPORTUNITIES FUND INC;15.80
SPECTRUM BRANDS HLD.;78.97
SPIRE GLOBAL INC. CLASS A;8.98
SPIRE INC.;67.00
SPIRIT AEROSYSTEMS HLD.;40.17
SPIRIT AIRLINES INC.;24.53
SPIRIT REALTY CAPITAL INC.;50.53
SPOTIFY TECHNOLOGY S.A.;223.69
SPRAGUE RESOURCES LP;17.77
SPRINKLR INC. CLASS A;16.49
SPROTT INC.;33.62
SPX CORP.;62.76
SPX FLOW INC.;79.35
SQUARE INC. CLASS A;262.11
SQUARESPACE INC. CLASS A;44.70
SQZ BIOTECHNOLOGIES CO.;12.29
ST. JOE COMPANY THE;43.98
STAG INDUSTRIAL INC.;41.14
STANDARD MOTOR PRODUCTS INC.;42.76
STANDEX INTERNATIONAL;98.46
STANLEY BLACK & DECKER INC.;114.68
STANLEY BLACK & DECKER INC.;193.45
STANTEC INC;47.41
STAR GROUP L.P.;10.47
STAR PEAK CORP II CLASS A;9.92
STARTEK INC.;5.85
STARWOOD PROPERTY TRUST;25.64
STATE STREET CORP.;92.32
STEEL PARTNERS HLD.;31.00
STEELCASE INC.;14.04
STELLANTIS N.V.;20.12
STELLUS CAPITAL INVESTMENT;13.10
STEM INC. CLASS A;24.82
STEPAN COMPANY;115.50
STERIS PLC IRELAND;213.71
STERLING BANCORP;22.73
STEVANATO GROUP S.P.A.;26.11
STEWART INFORMATION SERVICES;61.48
STIFEL FINANCIAL;68.86
STIFEL FINANCIAL;26.15
STMICROELECTRONICS N.V.;42.87
STONE HARBOR EMERGING MARKETS INC. FUND;8.30
STONE HARBOR EMERGING MARKETS TOTAL INC;9.14
STONEMOR INC.;2.72
STONERIDGE INC.;22.66
STORE CAPITAL CORP.;35.41
STRIDE INC.;34.13
STRUCTURED PRODUCTS CORP 8.205% CORTS 8;32.44
STRUCTURES PRODUCTS CP 8% CORTS ISSUED;33.29
STRYKER CORP.;271.45
STUDIO CITY INTERNATIONAL HLD.;9.73
STURM RUGER & CO.;78.09
SUBURBAN PROPANE PARTNERS L.P.;15.20
SUMITOMO MITSUI FIN. GROUP INC UNSPONSO;6.93
SUMMIT HOTEL PROPERTIES INC.;9.07
SUMMIT MATERIALS INC. CLASS A;34.01
SUMMIT MIDSTREAM PARTNERS LP;32.90
SUN COMMUNITIES INC.;197.76
SUN LIFE FINANCIAL INC.;51.59
SUNCOKE ENERGY INC.;6.88
SUNCOR ENERGY  INC.;18.60
SUNLANDS TECHNOLOGY GROUP ADS;0.519
SUNLIGHT FINANCIAL HLD.;5.73
SUNNOVA ENERGY INTL.;35.26
SUNOCO LP;37.14
SUNSTONE HOTEL INVESTORS;11.24
SUPERIOR INDUSTRIES INTL.;7.22
SUZANO S.A. ADS EACH;11.81
SWITCH INC. CLASS A;24.35
SWITCHBACK II CORP.;9.95
SYNCHRONY FINANCIAL;50.87
SYNNEX CORP.;127.15
SYNOVUS FINANCIAL;43.28
SYNTHETIC FIXED-INC. SECURITIES;24.45
SYNTHETIC FIXED-INC. SECURITIES;20.50
SYNTHETIC FIXED-INC. SECURITIES;23.98
SYNTHETIC FIXED-INC. SECURITIES;23.79
SYNTHETIC FIXED-INC. SECURITIES INC 6.3;10.74
SYSCO CORP.;78.98
TAIWAN SEMICONDUCTOR MANUFACTURING CO.;117.17
TAKEDA PHARMACEUTICAL CO.;16.67
TAL EDUCATION GROUP ADS;4.99
TALOS ENERGY INC.;11.36
TANGER FACTORY OUTLET CENTERS;16.32
TAPESTRY INC.;41.45
TARGA RESOURCES INC.;43.77
TARGET CORP.;248.55
TARO PHARMACEUTICAL INDUSTRIES;69.80
TATA MOTORS LTD TATA MOTORS;18.91
TAYLOR MORRISON HOME;27.75
TC ENERGY CORP.;46.75
TE CONNECTIVITY;150.03
TEAM INC.;4.18
TECHNIPFMC PLC ORD.;6.62
TECK RESOURCES LTD;21.79
TEEKAY CORP.;2.94
TEEKAY LNG PARTNERS L.P.;13.82
TEEKAY TANKERS LTD.;11.21
TEGNA INC;17.40
TEJON RANCH CO;18.96
TEKLA HEALTHCARE INVESTORS;27.04
TEKLA HEALTHCARE OPPORTUNIES FUND SHARE;24.76
TEKLA WORLD HEALTHCARE FUND SHARES OF B;17.10
TEKLALIFE SCIENCES INVESTORS;22.10
TELADOC HEALTH INC.;142.33
TELECOM ARGENTINA SA;5.50
TELEDYNE TECHNOLOGIES INC.;454.92
TELEFLEX INC.;383.87
TELEFONICA BRASIL S.A. ADS EACH;8.28
TELEFONICA SA;5.01
TELEPHONE AND DATA SYSTEMS;26.85
TELEPHONE AND DATA SYSTEMS;19.78
TELEPHONE AND DATA SYSTEMS;25.27
TELEPHONE AND DATA SYSTEMS;25.49
TELEPHONE AND DATA SYSTEMS;25.82
TELUS CORP.;22.89
TELUS INTL. CDA;34.28
TEMPLETON EMERGING MARKETS FUND;17.49
TEMPUR SEALY INTL.;44.33
TENARIS S.A. ADS;19.88
TENCENT MUSIC ENTERTAINMENT GROUP ADS;8.72
TENET HEALTHCARE;72.94
TENNANT COMPANY;72.20
TENNECO INC. CLASS A VOTING;15.80
TENNESSEE VALLEY AUTHORITY;26.35
TENNESSEE VALLEY AUTHORITY;26.69
TERADATA CORP.;53.68
TEREX CORP.;51.08
TERMINIX GLOBAL HLD.;41.26
TERNIUM S.A. TERNIUM S.A. ADS EACH;54.50
TERRA INC. FUND VI 7.00% NOTES DUE 2026;25.75
TERRA PROPERTY TRUST;25.05
TERRENO REALTY CORP.;65.20
TETRA TECHNOLOGIES INC.;2.78
TEVA PHARMACEUTICAL INDUSTRIES;9.39
TEXAS PACIFIC LAND;1419.00
TEXTAINER GROUP HOLDINGS;32.45
TEXTRON INC.;72.60
TFI INTERNATIONAL INC.;111.78
THE AES CORP.;24.13
THE AES CORP.;100.14
THE AZEK CO.;42.35
THE BANK OF NEW YORK MELLON;55.61
THE BEACHBODY CO.;7.47
THE COOPER COMPANIES INC.;444.50
THE DUCKHORN PORTFOLIO INC.;21.01
THE GABELLI HEALTHCARE & WELLNESS TRUST;13.58
THE HERSHEY COMPANY;175.70
THE LION ELECTRIC CO.;12.10
THE ORIGINAL BARK CO.;7.10
THE TRAVELERS COMPANIES INC.;162.01
THERMO FISHER SCIENTIFIC INC;548.02
THERMON GROUP HLD.;16.64
THOMSON REUTERS CORP;114.64
THOR INDUSTRIES INC.;116.10
TIDEWATER;0.860
TIDEWATER;0.570
TIDEWATER INC.;10.89
TILLY S INC.;15.95
TIM S.A. ADS EACH;11.62
TIMKEN COMPANY THE;73.91
TIMKENSTEEL CORP.;13.75
TITAN INTERNATIONAL INC. DE;8.07
TJX COMPANIES INC. THE;73.78
TOLL BROTHERS INC.;62.46
TOOTSIE ROLL INDUSTRIES INC.;31.89
TOPBUILD CORP.;217.20
TORO COMPANY THE;110.57
TORONTO DOMINION BANK THE;66.96
TORRID HOLDINGS INC.;26.17
TORTOISE ENERGY INFRASTRUCTURE;26.37
TORTOISE POWER AND ENERGY INFRA. FUND I;12.85
TOTALENERGIES SE;43.90
TOWNSQUARE MEDIA INC. CLASS A;12.48
TOYOTA MOTOR CORP.;171.49
TPG PACE BENEFICIAL FINANCE;10.35
TPG PACE BENEFICIAL II;9.78
TPG PACE HOLDINGS;2.02
TPG PACE SOLUTIONS;9.90
TPG PACE TECH OPPORTUNITIES;9.98
TPG RE FINANCE TRUST INC.;12.57
TRAEGER INC.;24.76
TRANE TECHNOLOGIES PLC;198.81
TRANSALTA CORP.;9.91
TRANSCONTINENTAL REALTY INVESTORS;35.11
TRANSDIGM GROUP INC.;596.72
TRANSOCEAN LTD SWITZERLAND;3.33
TRANSPORTADORA DE GAS DEL SUR SA TGS;5.22
TRANSUNION;117.81
TRAVEL   LEISURE CO.;53.78
TRECORA RESOURCES;7.93
TREDEGAR CORP.;12.85
TREEHOUSE FOODS INC.;35.57
TREX COMPANY INC.;109.34
TRI CONTINENTAL;34.48
TRI CONTINENTAL;57.54
TRI POINTE HOMES INC.;23.61
TRINET GROUP INC.;91.85
TRINITY INDUSTRIES INC.;28.98
TRINSEO S.A.;48.53
TRIPLE-S MANAGEMENT;35.46
TRIPLEPOINT VENTURE GROWTH BDC;15.58
TRITON INTERNATIONAL;53.86
TRIUMPH GROUP INC.;17.87
TRONOX HOLDINGS PLC;20.52
TRUEBLUE INC.;26.37
TRUIST FINANCIAL;57.23
TRUIST FINANCIAL;26.15
TSAKOS ENERGY NAVIGATION LTD;7.09
TUFIN SOFTWARE TECHNOLOGIES;10.84
TUPPERWARE BRANDS;23.60
TURKCELL ILETISIM HIZMETLERI AS;4.80
TURNING POINT BRANDS INC.;50.22
TURQUOISE HILL RESOURCES;14.30
TUTOR PERINI CORP.;14.15
TUYA INC. ADS;10.04
TWILIO INC. CLASS A;353.92
TWITTER INC.;63.06
TWO CLASS A;9.68
TWO HARBORS INVESTMENT CORP;6.53
TYLER TECHNOLOGIES INC.;471.75
TYSON FOODS INC.;78.04
U.S. BANCORP;57.44
U.S. BANCORP DEPOSITARY SHARES;24.93
U.S. BANCORP DEPOSITARY SHARES;25.55
U.S. PHYSICAL THERAPY INC.;111.61
U.S. SILICA HOLDINGS INC.;8.49
U.S. XPRESS ENTERPRISES;8.71
UBER TECHNOLOGIES INC.;40.97
UBIQUITI INC.;298.88
UBS GROUP AG REGISTERED;16.82
UDR INC.;52.30
UGI CORP.;106.26
UGI CORP.;46.38
UIPATH INC. CLASS A;63.74
ULTRAPAR PARTICIPACOES S.A. NEW ADS EAC;2.84
UMH PROPERTIES INC.;22.86
UNDER ARMOUR INC. CLASS A;23.38
UNDER ARMOUR INC. CLASS C;20.25
UNIFI INC. NEW;22.08
UNIFIRST CORP.;222.23
UNILEVER PLC;55.73
UNION PACIFIC CORP.;220.50
UNISYS CORP.;23.69
UNITED MICROELECTRONICS;11.07
UNITED NATURAL FOODS INC.;34.24
UNITED PARCEL SERVICE INC.;192.68
UNITED RENTALS INC.;348.17
UNITED STATES CELLULAR;31.39
UNITED STATES CELLULAR;26.22
UNITED STATES CELLULAR;26.09
UNITED STATES CELLULAR;26.94
UNITED STATES CELLULAR;25.36
UNITED STATES STEEL;26.87
UNITEDHEALTH GROUP INC.;417.48
UNITIL CORP.;49.44
UNITY SOFTWARE INC.;122.30
UNIVAR SOLUTIONS INC.;23.72
UNIVERSAL CORP.;49.79
UNIVERSAL HEALTH REALTY INC. TRUST;58.15
UNIVERSAL HEALTH SERVICES INC.;153.58
UNIVERSAL INSURANCE HLD.;13.73
UNIVERSAL TECHNICAL INSTITUTE INC;6.98
UNUM GROUP;26.69
UNUM GROUP 6.250% JUNIOR SUBORDINATED N;27.05
UPHEALTH INC.;4.86
URBAN EDGE PROPERTIES;18.53
URSTADT BIDDLE PROPERTIES INC.;18.73
URSTADT BIDDLE PROPERTIES INC.;16.48
US FOODS HOLDING;33.83
USA COMPRESSION PARTNERS LP;14.92
USANA HEALTH SCIENCES INC.;94.98
USD PARTNERS LP;6.32
UTZ BRANDS INC CLASS A;18.58
UWM HOLDINGS CORP.;7.39
V.F. CORP.;76.20
VAALCO ENERGY INC.;2.39
VAIL RESORTS INC.;300.43
VALARIS LTD.;27.39
VALE S.A.  ADS;18.87
VALERO ENERGY CORP.;65.61
VALHI INC.;23.17
VALMONT INDUSTRIES INC.;241.79
VALVOLINE INC.;30.17
VAPOTHERM INC.;26.85
VECTOR GROUP LTD.;14.49
VECTRUS INC.;47.49
VEDANTA LTD.;15.45
VEEVA SYSTEMS INC. CLASS A;326.60
VELOCITY FINANCIAL INC.;12.84
VENATOR MATERIALS PLC;3.08
VENTAS INC.;55.12
VEONEER INC.;35.99
VEREIT INC.;49.55
VERITIV CORP.;84.19
VERIZON COMMUNICATIONS INC.;54.83
VERMILION ENERGY INC.;6.28
VERSO CORP.;18.94
VERTICAL CAPITAL INCOME FUND;10.62
VERTIV HLD.;27.72
VIA OPTRONICS AG ADS;9.16
VIAD CORP;42.78
VICI PROPERTIES INC.;29.73
VICTORIAS SECRET & CO.;68.32
VINCE HOLDING CORP.;7.23
VINE ENERGY INC. CLASS A;13.97
VIPSHOP HOLDINGS;15.08
VIRGIN GALACTIC HLD.;25.69
VIRNETX HOLDING CORP;4.34
VIRTUS ALLIANZGI ARTIFICIAL INTELLIGENC;27.40
VIRTUS ALLIANZGI CONVERTIBLE & INC. 202;10.30
VIRTUS ALLIANZGI CONVERTIBLE & INC. FUN;5.34
VIRTUS ALLIANZGI CONVERTIBLE & INC. FUN;6.09
VIRTUS ALLIANZGI DIV. INC. & CONVERTIBL;35.79
VIRTUS ALLIANZGI EQUITY & CONVERTIBLE I;30.59
VIRTUS DIVIDEND INTEREST & PREMIUM STRA;15.50
VIRTUS GLOB. MULTI-SECTOR INC. FUND;11.92
VIRTUS TOTAL RETURN FUND INC.;9.64
VISA INC.;230.67
VISHAY INTERTECHNOLOGY INC.;21.88
VISHAY PRECISION GROUP INC.;37.44
VISTA OIL & GAS S.A.B. DE C.V. ADS;4.59
VISTA OUTDOOR INC.;40.74
VISTRA;0.210
VISTRA CORP.;18.89
VIVINT SMART HOME INC.;11.67
VIZIO HOLDING;20.11
VMWARE INC.;158.18
VOC ENERGY TRUST UNITS OF BENEFICIAL IN;4.17
VOCERA COMMUNICATIONS INC.;46.58
VONTIER CORP.;35.67
VORNADO REALTY TRUST;41.26
VOYA ASIA PACIFIC HIGH DIVIDEND EQUITY;8.60
VOYA EMERGING MARKETS HIGH INC. DIVIDEN;7.58
VOYA FINANCIAL INC.;65.23
VOYA GLOB. ADVANTAGE AND PREMIUM OPPORT;10.16
VOYA GLOB. EQUITY DIVIDEND AND PREMIUM;6.10
VOYA INFRA. INDUSTRIALS AND MATERIALS F;12.82
VTEX CLASS A;25.14
VULCAN MATERIALS CO.;187.98
VY GLOBAL GROWTH CLASS A;9.70
W&T OFFSHORE INC.;3.07
W. P. CAREY INC. REIT;76.79
W.R. BERKLEY CORP.;75.80
W.R. GRACE & CO.;69.56
W.W. GRAINGER INC.;429.11
WABASH NATIONAL;15.19
WALKER & DUNLOP INC;100.98
WALMART INC.;147.64
WALT DISNEY CO.;177.07
WARBURG PINCUS CAPITAL;9.77
WARBURG PINCUS CAPITAL;9.69
WARRIOR MET COAL INC.;21.07
WASHINGTON PRIME GROUP INC.;1.36
WASHINGTON REAL ESTATE INVESTMENT TRUST;24.60
WASTE CONNECTIONS INC.;127.85
WASTE MANAGEMENT INC.;153.86
WATERDROP INC. ADS EACH;3.37
WATERS CORP.;405.02
WATSCO INC.;275.61
WATSCO INC. CLASS B;275.15
WATTS WATER TECHNOLOGIES;166.78
WAYFAIR INC. CLASS A;290.59
WEBER INC. CLASS A;16.75
WEBSTER FINANCIAL;49.98
WEC ENERGY GROUP INC.;94.82
WEIDAI LTD. ADS;0.886
WEIS MARKETS INC.;55.42
WELBILT INC.;23.39
WELLS FARGO & CO.;26.16
WELLS FARGO & CO.;49.31
WELLS FARGO & CO.;28.54
WELLS FARGO & CO.;25.95
WELLS FARGO & CO.;27.18
WELLS FARGO & CO.;25.31
WELLS FARGO GLOB. DIVIDEND OPPORTUNITY;5.88
WELLTOWER INC.;85.02
WESCO INTERNATIONAL INC.;115.93
WEST FRASER TIMBER CO. LTD;75.28
WEST PHARMACEUTICAL SERVICES;444.52
WESTERN ALLIANCE BANCORP.;97.46
WESTERN ALLIANCE BANCORP.;25.77
WESTERN ASSET BOND FUND SHARE OF BENEFI;14.58
WESTERN ASSET DIV. INC. FUND;19.86
WESTERN ASSET EMERGING MARKETS DEBT FUN;13.84
WESTERN ASSET GLOB. HIGH INC. FUND INC;10.31
WESTERN ASSET GLOBAL;18.10
WESTERN ASSET HIGH INC. FUND II;7.56
WESTERN ASSET HIGH YIELD DEFINED OPPORT;15.57
WESTERN ASSET INFLATION-LINKED INC. FUN;13.76
WESTERN ASSET INFLATION-LINKED OPPORTUN;13.20
WESTERN ASSET INTERMEDIATE MUNI FUND IN;9.74
WESTERN ASSET INVESTMENT GRADE DEFINED;21.82
WESTERN ASSET INVESTMENT GRADE INC. FUN;15.85
WESTERN ASSET MORTGAGE CAPITAL;2.81
WESTERN ASSET MORTGAGE OPPORTUNITY FUND;16.10
WESTERN MIDSTREAM PARTNERS LP;19.47
WESTERN UNION CO.;21.50
WESTINGHOUSE AIR BRAKE TECHNOLOGIES;88.00
WESTLAKE CHEMICAL;87.01
WESTLAKE CHEMICAL PARTNERS LP;25.50
WESTPAC BANKING;18.81
WESTROCK COMPANY;50.71
WESTWOOD HLD.;21.20
WEX INC.;180.43
WEYERHAEUSER COMPANY;35.10
WHEATON PRECIOUS METALS CORP;43.80
WHEELS UP EXPERIENCE;7.36
WHIRLPOOL CORP.;220.87
WHITE MOUNTAINS INSURANCE GROUP;1127.88
WHITESTONE REIT;9.70
WHITING PETROLEUM;44.83
WIDEOPENWEST INC.;20.82
WILLIAMS COMPANIES INC. THE;24.23
WILLIAMS-SONOMA INC.;188.43
WINNEBAGO INDUSTRIES INC.;72.99
WIPRO LTD.;9.01
WNS HOLDINGS LTD.;82.38
WOLVERINE WORLD WIDE INC.;35.95
WOORI FIN. GROUP;28.75
WORKIVA INC. CLASS A;138.48
WORLD FUEL SERVICES;31.60
WORLD WRESTLING ENTERTAINMENT;50.80
WORTHINGTON INDUSTRIES INC.;58.16
WPP PLC ADS;67.11
WYNDHAM HOTELS & RESORTS INC.;72.40
X FINANCIAL ADS;5.03
XAI OCTAGON FLOATING RATE & ALTERNATIVE;8.82
XENIA HOTELS & RESORTS INC.;16.95
XEROX HOLDINGS CORP.;22.65
XINYUAN REAL ESTATE CO LTD ADS;2.04
XL FLEET;6.80
XPENG INC. ADS;40.49
XPO LOGISTICS INC.;87.15
XPONENTIAL FITNESS;11.05
XYLEM INC.;133.98
YALLA GROUP LTD.;9.89
YAMANA GOLD INC.;4.35
YATSEN HOLDING LTD.;4.90
YELP INC.;38.12
YETI HOLDINGS INC.;99.60
YEXT INC.;13.02
YIREN DIGITAL;3.38
YOUDAO INC. ADS;10.52
YPF SOCIEDAD ANONIMA;4.95
YUM CHINA HOLDINGS INC.;60.47
YUM! BRANDS INC.;131.61
ZENDESK INC.;123.01
ZEPP HEALTH CORP.;10.70
ZETA GLOBAL HOLDINGS;6.55
ZEVIA PBC CLASS A;14.05
ZHANGMEN EDUCATION INC. ADS;3.02
ZHIHU INC. ADS EVERY TWO OF;9.73
ZIM INTEGRATED SHIPPING SERVICES;47.95
ZIMMER BIOMET HLD.;150.65
ZIPRECRUITER INC. CLASS A;24.36
ZOETIS INC. CLASS A;203.99
ZTO EXPRESS CAYMAN INC. ADS;26.00
ZUORA INC. CLASS A;17.50
ZYMEWORKS INC.;32.25