id;x;y;nom
0;2.515;48.9309;Rougemont-Chanteloup
1;2.49585;48.932;Aulnay-sous-Bois
2;2.5164;48.9219;L'Abbaye
3;2.5191;48.9266;Freinville-Sevran
4;1.9959;48.5356;Dourdan-la-Forêt
5;2.0087;48.5337;Dourdan
6;2.2976;48.7813;Sceaux
7;2.3123;48.7803;Bourg-la-Reine
8;2.4152;48.6589;Ris-Orangis
9;2.3975;48.6679;
10;2.4287;48.626;Évry Courcouronnes
11;2.4514;48.6233;Le Bras-de-Fer
12;2.2253;48.829;Musée de Sèvres
13;2.2218;48.8431;Parc de Saint-Cloud
14;2.1643;48.6962;Bures-sur-Yvette
15;2.181;48.6975;Orsay-Ville
16;2.5993;48.5151;Vosves
17;2.572;48.5297;Boissise-le-Roi
18;2.2893;48.8539;Bir-Hakeim
19;2.2936;48.8504;Dupleix
20;2.1921;48.7591;Vauboyen
21;2.2158;48.751;Bièvres
22;2.2309;48.7401;Igny
23;2.478;49.0331;Les Noues
24;2.4621;49.0231;Goussainville
25;2.3766;48.4344;Boutigny
26;2.3934;48.3936;Maisse
27;2.3782;48.9317;Cosmonautes
28;2.371;48.9335;Hôpital Delafontaine
29;2.4138;48.9191;Maurice Lachâtre
30;2.4105;48.9207;La Courneuve 8 Mai 1945
31;2.4543;48.9078;Jean Rostand
32;2.4495500000000003;48.906400000000005;Bobigny Pablo Picasso
33;2.26335;48.82995;Issy-Val-de-Seine
34;2.2605;48.8247;Jacques-Henri Lartigue
35;2.2313;48.8223;Brimborion
36;2.2337;48.8833;Puteaux
37;2.2371;48.8921;La Défense
38;2.1639;48.7647;Jouy-en-Josas
39;2.3577666666666666;48.880466666666656;Magenta
40;2.3737;48.89705;Rosa Parks
41;2.1945;48.4936;Étréchy
42;2.1595;48.4369;Étampes
43;2.29;48.5328;Bouray
44;2.2547;48.5204;Lardy
45;2.5143;48.9734;Parc des Expositions
46;2.5608500000000003;49.00985;Aéroport Charles De Gaulle 1
47;2.5419;49.0134;Terminal 1
48;2.5448;49.0089;Parc PR
49;2.5706;49.01;Parc PX
50;2.57085;49.00465;Terminal 2 - Gare TGV
51;2.4027;48.8002;Vitry-sur-Seine
52;2.3916;48.8139;Ivry-sur-Seine
53;2.4095;48.7825;Les Ardoines
54;2.4113;48.7637;Choisy-le-Roi
55;2.0777;48.9706;Achères-Ville
56;2.1293;48.9555;
57;2.2979;48.599;
58;2.2909;48.5655;Marolles-en-Hurepoix
59;2.2859;48.9635;Saint-Gratien
60;2.271;48.980450000000005;Ermont-Eaubonne
61;2.3022666666666667;48.95453333333334;Épinay-sur-Seine
62;2.1953;48.8951;Nanterre-Ville
63;2.1725;48.8875;Rueil-Malmaison
64;2.4716;48.8342;Nogent-sur-Marne
65;2.4638;48.821;Joinville-le-Pont
66;2.4637;48.8437;Fontenay-sous-Bois
67;2.0109;49.0478;Cergy Le Haut
68;2.0342;49.0496;Cergy-Saint-Christophe
69;2.2794;48.8536;Avenue du Président Kennedy
70;2.2746;48.85724999999999;La Muette
71;2.2755;48.8709;Avenue Foch
72;2.2837500000000004;48.8777;Neuilly Porte Maillot
73;2.32205;48.905;Saint-Ouen
74;2.3138;48.9208;Les Grésillons
75;2.7822;48.8699;Marne-la-Vallée-Chessy
76;2.7734;48.8553;Val d'Europe
77;2.7089;48.8365;Bussy-Saint-Georges
78;2.6551;48.8396;Torcy
79;2.2827;48.8389;Lourmel
80;2.2781;48.836;Balard
81;2.2986;48.849000000000004;La Motte Picquet-Grenelle
82;2.2939;48.8447;Commerce
83;2.3691666666666666;48.85306666666667;Bastille
84;2.3681;48.8574;Chemin Vert
85;2.29;48.8669;Boissière
86;2.2868500000000003;48.863299999999995;Trocadéro
87;2.3587000000000002;48.877250000000004;Château-Landon
88;2.35015;48.8836;Barbès-Rochechouart
89;2.322666666666667;48.86636666666667;Concorde
90;2.31365;48.86775;Champs-Élysées – Clemenceau
91;2.321725;48.84230000000001;Montparnasse-Bienvenüe
92;2.3263;48.8406;Edgar Quinet
93;2.3737000000000004;48.84448;Gare de Lyon
94;2.3609;48.8552;Saint-Paul
95;2.3463000000000003;48.862049999999996;Châtelet-Les Halles
96;2.2641;48.84785;Michel Ange-Auteuil
97;2.2691;48.8471;Église d'Auteuil
98;2.3808000000000002;48.83976666666666;Bercy
99;2.26;48.8429;Exelmans
100;2.26165;48.8451;Michel Ange-Molitor
101;2.2941;48.8647;Iéna
102;2.3684;48.86465;Oberkampf
103;2.3747;48.861;Saint-Ambroise
104;2.2876;48.7396;Les Baconnets
105;2.2963;48.7433;Fontaine-Michalon
106;2.3009;48.7549;Antony
107;2.2711;48.8466;
108;2.302;48.6067;Brétigny
109;2.3266;48.8514;Sèvres-Babylone
110;2.3212;48.8488;Vaneau
111;2.33965;48.852199999999996;Odéon
112;2.3355;48.853;Mabillon
113;2.3524;48.6764;Savigny-sur-Orge
114;2.3830999999999998;48.6894;Juvisy
115;2.35495;48.846000000000004;Jussieu
116;2.3516;48.8466;Cardinal Lemoine
117;2.4195;48.7255;Ablon
118;2.4263;48.7398;Villeneuve-le-Roi
119;2.4181;48.7528;
120;2.3127;48.6528;Sainte-Geneviève-des-Bois
121;2.3068;48.6358;Saint-Michel-sur-Orge
122;2.3390500000000003;48.8719;Richelieu-Drouot
123;2.3431;48.8714;Grands Boulevards
124;2.3652666666666664;48.84236666666666;Paris Austerlitz
125;2.4097333333333335;48.847100000000005;Porte de Vincennes
126;2.3954999999999997;48.84806;Nation
127;2.2716;48.8811;Les Sablons
128;2.2605;48.8847;Pont de Neuilly
129;2.3084499999999997;48.8692;Franklin D. Roosevelt
130;2.3005;48.872;George V
131;2.2893;48.8755;Argentine
132;2.3896;48.839;Dugommier
133;2.3959;48.83945;Daumesnil
134;2.36;48.7296;Orly 1-2-3
135;2.3690499999999997;48.72925;Aéroport d'Orly
136;2.3566000000000003;48.92985;Saint-Denis - Porte de Paris
137;2.3600000000000003;48.937250000000006;Basilique de Saint-Denis
138;2.3681;48.8349;Chevaleret
139;2.3728;48.837;Quai de la Gare
140;2.3435;48.8311;Glacière
141;2.3504;48.8297;Corvisart
142;2.263;48.7296;
143;2.2945;48.7022;Longjumeau
144;2.3332;48.6763;Petit-Vaux
145;2.3444;48.6707;
146;2.6549;48.5272;Melun
147;2.6255;48.5387;Le Mée
148;2.506;48.6997;Brunoy
149;2.4842;48.7066;Yerres
150;2.5331;48.681;Boussy-Saint-Antoine
151;2.2853;48.8697;Victor Hugo
152;2.295325;48.87465;Charles De Gaulle-Étoile
153;2.3011;48.8395;Vaugirard
154;2.3079;48.8415;Volontaires
155;2.3257;48.8555;Rue du Bac
156;2.32935;48.89745;Porte de Saint-Ouen
157;2.3318;48.906;Garibaldi
158;2.3640599999999994;48.8672;République
159;2.361;48.8708;Jacques Bonsergent
160;2.3702;48.8561;Bréguet-Sabin
161;2.3719;48.8598;Richard Lenoir
162;2.370433333333333;48.88230000000001;Jaurès
163;2.3796;48.8852;Laumière
164;2.3869;48.8871;Ourcq
165;2.39385;48.88875;Porte de Pantin
166;2.3593;48.8195;
167;2.3584;48.8224;Maison Blanche
168;2.3615;48.8666;Temple
169;2.3567;48.865399999999994;Arts et Métiers
170;2.3807;48.864;Rue Saint-Maur
171;2.3745;48.8652;Parmentier
172;2.3867000000000003;48.86285;Père Lachaise
173;2.3987999999999996;48.864999999999995;Gambetta
174;2.309;48.8828;Malesherbes
175;2.3046;48.8838;Wagram
176;2.3833;48.8668;Ménilmontant
177;2.3572;48.8264;Tolbiac
178;2.3557333333333332;48.831066666666665;Place d'Italie
179;2.3588;48.8354;Campo Formio
180;2.3609;48.8384;Saint-Marcel
181;2.3209;48.8607;Assemblée Nationale
182;2.3387;48.8896;Lamarck-Caulaincourt
183;2.3446;48.8924;Jules Joffrin
184;2.3599;48.8904;Marx Dormoy
185;2.3589;48.89775;Porte de la Chapelle
186;2.327125;48.87440000000001;Havre-Caumartin
187;2.3325;48.8763;Trinité d'Estienne d'Orves
188;2.3255;48.82325;Porte d'Orléans
189;2.3271;48.8281;Alésia
190;2.3645333333333336;48.819633333333336;Porte de Choisy
191;2.3599;48.819100000000006;Porte d'Italie
192;2.3267;48.8468;Saint-Placide
193;2.3312;48.8516;Saint-Sulpice
194;2.3297;48.8311;Mouton-Duvernet
195;2.33225;48.8338;Denfert-Rochereau
196;2.3522;48.866150000000005;Réaumur Sébastopol
197;2.35445;48.869299999999996;Strasbourg-Saint-Denis
198;2.3488;48.8638;Étienne Marcel
199;2.3477400000000004;48.857839999999996;Châtelet
200;2.3477;48.8939;Simplon
201;2.345;48.8977;Porte de Clignancourt
202;2.3922;48.9037;Aubervilliers Pantin - Quatre Chemins
203;2.4044;48.9149;Fort d'Aubervilliers
204;2.5254;48.8837;Gagny
205;2.5528;48.8771;Le Chénay-Gagny
206;2.0718;48.7987;Saint-Cyr
207;2.136;48.7952;Versailles-Chantiers
208;2.3425;48.8856;Funiculaire Montmartre Station Haute
209;2.3426;48.8846;Funiculaire Montmartre Station Basse
210;2.4593;48.7799;Créteil–Préfecture
211;2.4645;48.7687;Créteil - Pointe du Lac
212;2.366966666666667;48.884299999999996;Stalingrad
213;2.3094;48.8804;Monceau
214;2.3151;48.8811;Villiers
215;2.3035;48.8792;Courcelles
216;2.294;48.8071;Vauban
217;2.3009500000000003;48.810649999999995;Châtillon-Montrouge
218;2.3288;48.9499;Les Mobiles
219;2.3391;48.9478;Blumenthal
220;2.2726;48.7944;Division Leclerc
221;2.2819;48.7998;Parc André Malraux
222;2.2091;48.7814;Inovel Parc Nord
223;2.2144;48.7836;Dewoitine
224;2.3659;48.9065;Front Populaire
225;2.287733333333333;48.83226666666667;Porte de Versailles
226;2.2956;48.8298;Georges Brassens
227;2.30605;48.82755;Porte de Vanves
228;2.3133;48.8259;Didot
229;2.39055;48.9769;Garges-Sarcelles
230;2.36895;48.9619;Pierrefitte Stains
231;2.369;48.8986;Porte d'Aubervilliers
232;2.3636;48.8984;Colette Besson
233;2.3343;48.9356;Mairie de Villeneuve-la-Garenne
234;2.3391;48.9357;L'Ile-Saint-Denis
235;2.2395;48.9027;Les Fauvelles
236;2.2383;48.9076;Charlebourg
237;2.3775;48.8243;Maryse Bastié
238;2.3811;48.8255;Avenue de France
239;2.3018;48.9332;
240;2.30085;48.933;Timbaud
241;2.41065;48.8532;Porte de Montreuil
242;2.4096;48.8587;Marie de Miribel
243;2.4085;48.8724;Adrienne Bolland
244;2.4067000000000003;48.8769;Porte des Lilas
245;2.3188;48.8247;Jean Moulin
246;2.3387000000000002;48.82065;Cité Universitaire
247;2.3458;48.8195;Stade Charléty
248;2.3567;48.9421;Baudelaire
249;2.3561;48.9387;Marché de Saint-Denis
250;2.3574;48.9482;Guynemer
251;2.357;48.9448;Roger Sémat
252;2.3579;48.9526;Petit Pierrefitte
253;2.3583;48.9555;Joncherolles
254;2.3678;48.772;Moulin Vert
255;2.3674;48.7789;Domaine Chérioux
256;2.3712;48.734;Coeur d'Orly
257;2.3699;48.7385;Caroline Aigle
258;2.1787;48.7851;Robert Wagner
259;2.1711;48.80085;Viroflay Rive Gauche
260;2.3078;48.9554;Gilbert Bonnemaison
261;2.3287;48.95865;Épinay Villetaneuse
262;2.3518;48.8983;Diane Arbus
263;2.313975;48.894425;Porte de Clichy
264;2.3031;48.8896;Porte d'Asnières
265;2.3237;48.8975;Épinettes - Pouchet
266;2.5479;48.9047;Romain Rolland
267;2.5463;48.9078;Clichy-sous-Bois Mairie
268;2.3144;48.88885;Pont-Cardinet
269;2.3342;48.9125;Mairie de Saint-Ouen
270;2.3993;48.7729;Trois communes
271;2.4028;48.7684;Verdun Hoche
272;2.4119;48.7545;Four-Peary
273;2.4169;48.7521;Christophe Colomb
274;2.4169;48.74594999999999;Les Saules
275;2.4083;48.7449;Orly - Gaston Viens
276;2.318;48.8026;Bagneux - Lucie Aubrac
277;2.3174;48.8097;Barbara
278;2.4993;48.8925;Les Coquetiers
279;2.5064;48.8971;Allée de la Tour Rendez-Vous
280;2.4353;48.6484;Grand-Bourg
281;2.2212;48.8498;Les Milons
282;2.2580999999999998;48.7247;Massy-Palaiseau
283;2.2734;48.7347;Massy-Verrières
284;2.4624;48.6055;Essonnes-Robinson
285;2.4678;48.609;
286;2.0712;48.7027;Saint-Rémy-lès-Chevreuse
287;2.0979;48.7012;Courcelle-sur-Yvette
288;2.3872;48.3713;Buno-Gironville
289;2.3788;48.3416;Boigneville
290;2.4699;48.9047;Pont de Bondy
291;2.4605;48.9067;Auguste Delaune
292;2.4439;48.9065;Hôtel de Ville de Bobigny
293;2.4386;48.9069;Libération
294;2.4066;48.9227;Danton
295;2.4354;48.9127;Escadrille Normandie-Niémen
296;2.4312;48.914;Gaston Roulaud
297;2.2214;48.8682;Suresnes-Longchamp
298;2.2259;48.876;Belvédère
299;2.4029;48.7418;Orly Ville
300;2.4161;48.9937;Villiers-le-Bel-Gonesse-Arnouville
301;2.5017;49.0493;Louvres
302;2.4734;48.5871;Moulin-Galant
303;2.4011;48.2935;Malesherbes
304;2.2669;48.5914;La Norville
305;2.2224;48.5824;Égly
306;2.241;48.586;Arpajon
307;2.3504;48.9375;Théâtre Gérard Philipe
308;2.3636;48.9363;Cimetière de Saint-Denis
309;2.3143;48.862500000000004;Invalides
310;2.3009;48.8626;Pont de l'Alma
311;2.4727;48.8062;Saint-Maur-Créteil
312;2.4863;48.8053;Le Parc de Saint-Maur
313;2.21515;48.9016;Nanterre-Université
314;2.5134;48.7953;La Varenne-Chennevières
315;2.5074;48.7717;Sucy-Bonneuil
316;2.5103;48.8069;Champigny
317;2.0740499999999997;48.99145;Conflans-Fin-d'Oise
318;2.2721;48.8644;Avenue Henri Martin
319;2.5477;48.8408;Noisy-le-Grand-Mont d'Est
320;2.5259;48.8449;Bry-sur-Marne
321;2.5138;48.8534;Neuilly-Plaisance
322;2.4886;48.85395;Val de Fontenay
323;2.6332;48.8392;Lognes
324;2.6159;48.8434;Noisiel
325;2.4494;48.7967;Créteil–L’Échat
326;2.4469;48.8026;Maisons-Alfort-Les Juilliottes
327;2.3672;48.8611;Saint-Sébastien-Froissart
328;2.3666;48.8632;Filles du Calvaire
329;2.2919;48.8427;Félix Faure
330;2.2879;48.841;Boucicaut
331;2.3496;48.8873;Château Rouge
332;2.4404;48.8444;Château de Vincennes
333;2.4292;48.8454;Bérault
334;2.3301;48.8643;Tuileries
335;2.1011;49.0456;
336;2.0951;49.0466;Pontoise
337;2.4595;49.1873;Chantilly-Gouvieux
338;2.4689;49.2639;Creil
339;2.3807;48.8574;Voltaire
340;2.3321333333333336;48.87063333333333;Opéra
341;2.1836;48.7997;Chaville-Vélizy
342;2.4345;48.8091;Maisons-Alfort-Stade
343;2.4223;48.8148;École Vétérinaire de Maisons-Alfort
344;2.4067;48.826;Liberté
345;2.39985;48.832499999999996;Porte de Charenton
346;2.4137;48.8215;Charenton-Écoles
347;2.3256666666666668;48.870066666666666;Madeleine
348;2.2681;48.8525;Jasmin
349;2.2571;48.8379;Porte de Saint-Cloud
350;2.2701;48.8554;Ranelagh
351;2.2386;48.8321;Billancourt
352;2.2438;48.8337;Marcel Sembat
353;2.4355;48.8579;Croix de Chavaux
354;2.4413;48.8619;Mairie de Montreuil
355;2.1568;48.7973;
356;2.39;48.8444;Montgallet
357;2.38665;48.8472;Reuilly-Diderot
358;2.40595;48.8351;Porte Dorée
359;2.2574;48.985;Cernay
360;2.2388;48.842;Boulogne - Jean Jaurès
361;2.2547;48.8452;
362;2.4461;48.7301;Villeneuve-Saint-Georges
363;2.4383;48.7452;Villeneuve-Triage
364;2.2859;48.8465;Charles Michels
365;2.2771999999999997;48.8461;Javel - André Citroën
366;2.2954;48.847;Avenue Émile Zola
367;2.3213;48.8745;Saint-Augustin
368;2.2587;48.8196;Issy
369;2.27075;48.838499999999996;Pont du Garigliano
370;2.3334;48.873000000000005;Chaussée d'Antin - La Fayette
371;2.2664;48.8452;Chardon Lagache
372;2.4009;48.8413;Bel-Air
373;2.4012;48.845;Picpus
374;2.6902;48.7707;Ozoir-la-Ferrière
375;2.7272;48.7464;Gretz-Armainvilliers
376;2.3224;48.8386;Gaîté
377;2.7588;48.7394;Tournan
378;2.4941;48.8393;Nogent-le-Perreux
379;2.5798;48.8231;Les Yvris-Noisy-le-Grand
380;2.6193;48.8057;Émerainville-Pontault-Combault
381;2.5118;48.8248;Les Boullereaux-Champigny
382;2.5426;48.8232;Villiers-sur-Marne - Le Plessis-Trévise
383;2.3059;48.9033;Mairie de Clichy
384;2.3095;48.8456;Sèvres-Lecourbe
385;2.3125999999999998;48.842699999999994;Pasteur
386;2.3628;48.8332;Nationale
387;2.3371;48.8329;Saint-Jacques
388;2.4622;48.7082;Montgeron-Crosne
389;2.4396;48.7211;
390;2.4611;48.8966;
391;2.4814;48.8823;Rosny-Bois-Perrier
392;2.297;48.8153;Malakoff - Rue Étienne Dolet
393;2.2984;48.8225;Malakoff - Plateau de Vanves
394;2.344466666666667;48.852466666666665;Saint-Michel
395;2.3408;48.8152;Gentilly
396;2.3319;48.8839;Blanche
397;2.3371000000000004;48.882400000000004;Pigalle
398;2.3604;48.8843;La Chapelle
399;2.3645;48.9458;Saint-Denis - Université
400;2.32455;48.8757;Saint-Lazare
401;2.327;48.8796;Liège
402;2.3433;48.9195;Carrefour Pleyel
403;2.3201;48.8905;Brochant
404;2.3658;48.8465;Quai de la Rapée
405;2.4023;48.8912;Hoche
406;2.4133;48.8932;Église de Pantin
407;2.3653500000000003;48.881299999999996;Louis Blanc
408;2.3773;48.8907;Crimée
409;2.3825;48.8948;Corentin Cariou
410;2.4015;48.8684;Pelleport
411;2.3475;48.8673;Sentier
412;2.3407;48.8686;Bourse
413;2.4084;48.864000000000004;Porte de Bagnolet
414;2.2925;48.8857;Porte de Champerret
415;2.288;48.8887;Louise Michel
416;2.285;48.892;Anatole France
417;2.3619;48.8512;Sully-Morland
418;2.3571;48.8535;Pont Marie
419;2.3366;48.86255;Palais Royal - Musée du Louvre
420;2.3342;48.8659;Pyramides
421;2.3525;48.8358;Les Gobelins
422;2.3517;48.8404;Censier-Daubenton
423;2.3378;48.876;Notre-Dame-de-Lorette
424;2.3375;48.8784;Saint-Georges
425;2.329;48.8422;Vavin
426;2.3337;48.8537;Saint-Germain-des-Prés
427;2.3307;48.8389;Raspail
428;2.3473;48.8549;Cité
429;2.356;48.8724;Château d'Eau
430;2.3741;48.8808;Bolivar
431;2.3892;48.8794;
432;2.3934;48.8819;Danube
433;2.371;48.8699;Goncourt
434;2.3534;48.8612;Rambuteau
435;2.3766;48.87205;Belleville
436;2.3853;48.8738;Pyrénées
437;2.39295;48.876850000000005;Place des Fêtes
438;2.3988;48.8754;Télégraphe
439;2.3145;48.8737;Miromesnil
440;2.5833;48.8741;Chelles-Gournay
441;2.3503;48.9175;Stade de France-Saint-Denis
442;2.3466;48.935233333333336;Saint-Denis
443;2.3626;48.9181;La Plaine-Stade de France
444;2.157;48.9377;Sartrouville
445;2.1853;48.9203;Houilles-Carrières-sur-Seine
446;2.3867;48.676;Viry-Châtillon
447;2.3983;48.8515;Avron
448;2.3274999999999997;48.883700000000005;Place de Clichy
449;2.3866;48.8333;Cour Saint-Émilion
450;2.4332;48.8473;Vincennes
451;2.3891;48.8794;Botzaris
452;2.2633;48.7903;Soleil Levant
453;2.2398;48.7807;Pavé Blanc
454;2.2469;48.7836;Mail de la Plaine
455;2.2371;48.7849;Georges Pompidou
456;2.2252;48.7835;Meudon-la-Forêt
457;2.2309;48.7835;Georges Millandy
458;2.1914;48.7804;Mairie de Vélizy
459;2.1965;48.78;Louvois
460;2.3527;48.932;Pierre De Geyter
461;2.1452;48.4273;Saint-Martin-d'Étampes
462;2.2845;48.8305;
463;2.2814;48.8316;Porte d'Issy
464;2.3805;48.8987;Canal Saint-Denis
465;2.3131;48.9339;Parc des Chanteraines
466;2.3214;48.9346;Chemin des Reniers
467;2.3267;48.9349;La Noue
468;2.2959;48.9335;
469;2.4012;48.8794;Hôpital Robert Debré
470;2.3967;48.885;Butte du Chapeau Rouge
471;2.3602;48.9635;Mairie de Pierrefitte
472;2.3587;48.9591;Suzanne Valadon
473;2.366;48.9708;Jacques Prévert
474;2.3635;48.9658;Alcide d'Orbigny
475;2.366;48.9736;Butte Pinson
476;2.3722;48.9774;Les Cholettes
477;2.3802;48.9792;Paul Valéry
478;2.3774;48.9766;Les Flanades
479;2.3663;48.7595;Porte de Thiais
480;2.3677;48.7633;Auguste Perret
481;2.35215;48.740849999999995;Rungis-La Fraternelle
482;2.3528;48.7465;Robert Schuman
483;2.4003;48.8981;Pantin
484;2.42455;48.93045;Le Bourget
485;2.4114;48.9436;Dugny - La Courneuve
486;2.338;48.8978;Angélique Compoint
487;2.2839;48.93045;Les Courtilles
488;2.2743;48.9272;Asnières Quatre Routes
489;2.5708;48.9009;Hôpital de Montfermeil
490;2.5617;48.8979;Arboretum
491;2.3683;48.8155;Châteaudun - Barbès
492;2.3706;48.8126;Cimetière Parisien d'Ivry
493;2.3749;48.8072;La Briqueterie
494;2.3779;48.8032;Germaine Tailleferre
495;2.3815;48.7988;Beethoven - Concorde
496;2.515;48.916;Lycée Henri Sellier
497;2.4702;48.6202;
498;2.4522;48.6344;Évry
499;2.3961;48.6539;Grigny-Centre
500;2.4077;48.6363;Orangis-Bois de l'Epine
501;2.2385;48.8191;Meudon-sur-Seine
502;2.2814;48.7802;Robinson
503;2.2924;48.7876;Fontenay-aux-Roses
504;2.1516;48.6952;La Hacquinière
505;2.1927;48.7054;Le Guichet
506;2.425;48.9158;Hôpital Avicenne
507;2.4176;48.9177;Drancy-Avenir
508;2.4374;48.9096;La Ferme
509;2.2513;48.8215;Les Moulineaux
510;2.3731;48.7483;Pont de Rungis
511;2.1421;48.7957;
512;2.1468;48.7704;Petit-Jouy-les-Loges
513;2.5061;49.1267;La Borne Blanche
514;2.5255;49.0995;Survilliers-Fosses
515;2.2155;48.5142;Chamarande
516;2.4857;48.8699;Rosny-sous-Bois
517;2.1257;48.551;Saint-Chéron
518;2.1709;48.5645;Breuillet-Village
519;2.5126;48.9627;Villepinte
520;2.1365;48.6981;Gif-sur-Yvette
521;2.3256;48.8607;Musée d'Orsay
522;2.2903;48.8572;Champ de Mars
523;2.2864;48.853;
524;2.3222;48.7933;Bagneux
525;2.3299;48.8721;Auber
526;2.1221;48.8979;Le Vésinet-Le Pecq
527;2.0948;48.898;Saint-Germain-en-Laye
528;2.1346;48.89;Le Vésinet-Centre
529;2.1559;48.8852;Châtou-Croissy
530;2.041;48.9332;Poissy
531;2.0935;48.9554;Achères-Grand-Cormier
532;2.3497500000000002;48.8914;Marcadet-Poissonniers
533;2.3074500000000002;48.933099999999996;Gennevilliers
534;2.4616;48.8443;
535;2.58;48.8428;Noisy-Champs
536;2.3761;48.8512;Ledru Rollin
537;2.3281;48.7988;Arcueil-Cachan
538;2.3343;48.8082;Laplace
539;2.4194;48.8463;Saint-Mandé
540;2.1282;49.0339;Saint-Ouen-l'Aumône-Liesse
541;2.1051;49.0453;Saint-Ouen-l'Aumône
542;2.3504;48.8701;Bonne Nouvelle
543;2.348;48.8501;Maubert-Mutualité
544;2.37615;48.82985;Bibliothèque François Mitterrand
545;2.384;48.8501;Faidherbe Chaligny
546;2.2342;48.9937;Franconville-Le Plessis-Bouchard
547;2.2781;48.8639;Rue de la Pompe
548;2.3855;48.8545;Charonne
549;2.3893;48.8523;Rue des Boulets
550;2.1976;49.0074;Montigny-Beauchamp
551;2.3074;48.847;Ségur
552;2.3326;48.6694;Épinay-sur-Orge
553;2.2408;48.8074;Meudon-Val-Fleury
554;2.31;48.8724;Saint-Philippe du Roule
555;2.2285;48.8407;Boulogne - Pont de Saint-Cloud
556;2.2577;48.8479;Porte d'Auteuil
557;2.3277;48.8484;Rennes
558;2.4504;48.7899;Créteil-Université
559;2.5945;48.5649;Cesson
560;2.5839;48.5955;Savigny-le-Temple-Nandy
561;2.5475;48.6679;Combs-la-Ville - Quincy
562;2.4729;48.6134;Corbeil-Essonnes
563;2.4593;48.896249999999995;Noisy-le-Sec
564;2.3144;48.8514;Saint-François-Xavier
565;2.315;48.8568;Varenne
566;2.3141;48.8318;Plaisance
567;2.337;48.84;Port Royal
568;2.3399;48.8457;Luxembourg
569;2.273;48.8241;Mairie d'Issy
570;2.2794;48.827;Corentin Celton
571;2.4253;48.8954;Bobigny-Pantin - Raymond Queneau
572;2.3401;48.8748;Le Peletier
573;2.3894;48.8751;Jourdain
574;2.4045;48.8721;Saint-Fargeau
575;2.3362;48.8695;Quatre Septembre
576;2.3222;48.8787;Europe
577;2.2798;48.8978;Pont de Levallois
578;2.277;48.8714;Porte Dauphine
579;2.3287;48.8449;Notre-Dame-des-Champs
580;2.3441;48.8758;Cadet
581;2.3492;48.8772;Poissonnière
582;2.386;48.89735;Porte de la Villette
583;2.3816;48.8785;Buttes-Chaumont
584;2.3989;48.8799;Pré Saint-Gervais
585;2.3512500000000003;48.8574;Hôtel de Ville
586;2.3863;48.9243;La Courneuve-Aubervilliers
587;2.4143;48.7083;Vigneux-sur-Seine
588;2.3945;48.8563;Alexandre Dumas
589;2.3212;48.8822;Rome
590;2.1523;48.7965;Porchefontaine
591;2.129;48.8002;Versailles Château
592;2.2935;48.8716;Kléber
593;2.1804;48.7819;L’Onde
594;2.289;48.8042;Centre de Châtillon
595;2.3202;48.9517;Les Béatus
596;2.2545;48.7867;Hôpital Béclère
597;2.22;48.7849;Vélizy 2
598;2.3509;48.8208;Poterne des Peupliers
599;2.3197;48.8186;Mairie de Montrouge
600;2.4901;49.1382;Orry-la-Ville-Coye-la-Forêt
601;2.395;48.8974;Ella Fitzgerald
602;2.2339;48.9108;Jacqueline Auriol
603;2.2295;48.914;Victor Basch
604;2.3696;48.82155;Porte d'Ivry
605;2.3934;48.8303;Baron Le Roy
606;2.4088;48.8398;Montempoivre
607;2.4101;48.8437;Alexandra David-Néel
608;2.3977;48.8938;Delphine Seyrig
609;2.3008;48.8286;Brancion
610;2.385;48.9785;Lochères
611;2.3594;48.7399;Hélène Boucher
612;2.16875;48.80555;Viroflay Rive Droite
613;2.3432;48.9469;
614;2.3425;48.9495;César
615;2.3434;48.9527;Jean Vilar
616;2.3431;48.9566;Pablo Neruda
617;2.3909;48.9549;Stains La Cerisaie
618;2.3683;48.7567;La Belle Épine
619;2.1927;48.9167;
620;2.3188;48.8962;Honoré de Balzac
621;2.556;48.9009;Notre-Dame-des-Anges
622;2.555;48.9045;Clichy - Montfermeil
623;2.3862;48.7928;Musée MAC VAL
624;2.3882;48.7904;Mairie de Vitry
625;2.3919;48.7856;Camille Groult
626;2.3938;48.783;Constant Coquelin
627;2.3963;48.7786;Watteau - Rondenay
628;2.4879;48.893;La Remise à Jorelle
629;2.5116;48.9024;Les Pavillons-sous-Bois
630;2.5165;48.9072;Gargan
631;2.2122;48.7059;Lozère
632;2.2373;48.7081;Palaiseau-Villebon
633;2.5443;48.5351;Ponthierry-Pringy
634;2.5426;48.5644;Saint-Fargeau
635;2.4794;48.5738;Le Plessis-Chenet
636;2.4618;48.5926;Villabé
637;2.4927;48.5661;Le Coudray-Montceaux
638;2.3518;48.4849;La Ferté-Alais
639;2.3705;48.5315;Ballancourt
640;2.432;48.5705;Mennecy
641;2.4654;48.9004;Petit Noisy
642;2.3847;48.9299;Six Routes
643;2.2206;48.8574;Les Coteaux
644;2.3127;48.7479;Chemin d'Antony
645;2.3029;48.8475;Cambronne
646;2.0693;48.5358;Sermaise
647;2.192;48.5775;Breuillet
648;2.508;48.9322;
649;2.5247;48.9476;Sevran-Beaudottes
650;2.0783;49.0141;Neuville Université
651;2.0795;49.0364;Cergy-Préfecture
652;2.2232;48.8957;Nanterre-Préfecture
653;2.2217;48.8969;
654;2.5045;48.7521;Boissy-Saint-Léger
655;2.5347;48.9362;Sevran-Livry
656;2.6031;48.9531;Villeparisis-Mitry-le-Neuf
657;2.6424;48.9758;Mitry-Claye
658;2.29785;48.885099999999994;Pereire-Levallois
659;2.3105;48.8577;La Tour Maubourg
660;2.306;48.8546;École Militaire
661;2.3411;48.8608;Louvre-Rivoli
662;2.0446;48.7873;Saint-Quentin-en-Yvelines
663;2.368;48.8272;Olympiades
664;2.1546;49.0191;Pierrelaye
665;2.4229;48.8557;Robespierre
666;2.401;48.8518;Buzenval
667;2.406;48.8527;Maraîchers
668;2.2727;48.8471;Mirabeau
669;2.4264;48.802;Maisons-Alfort-Alfortville
670;2.4036;48.7126;Athis-Mons
671;2.3102;48.7707;Parc de Sceaux
672;2.3178;48.8444;Falguière
673;2.2966;48.8373;Convention
674;2.2479;48.8886;Esplanade de la Défense
675;2.2858;48.8574;Passy
676;2.6503;48.7956;Roissy-en-Brie
677;2.3257;48.8871;La Fourche
678;2.3274;48.8928;Guy Môquet
679;2.3078;48.7006;Chilly-Mazarin
680;2.3176;48.6857;Gravigny-Balizy
681;2.318;48.8339;Pernety
682;2.3441;48.8828;Anvers
683;2.3231;48.8585;Solférino
684;2.3422;48.8585;Pont Neuf
685;2.3742;48.8882;Riquet
686;2.4166;48.8653;Gallieni
687;2.3682;48.7964;Villejuif Paul Vaillant-Couturier
688;2.3639;48.8046;Villejuif - Léo Lagrange
689;2.3772;48.8159;Pierre et Marie Curie
690;2.3379;48.8845;Abbesses
691;2.3167;48.84695;Duroc
692;2.48;48.894;Bondy
693;2.5125;48.889;Le Raincy-Villemomble-Montfermeil
694;2.368;48.7682;Bretagne
695;2.1445;48.9457;Maisons-Laffitte
696;2.4547;48.9327;Drancy
697;2.4756;48.9323;Le Blanc-Mesnil
698;2.3897;48.8584;Philippe Auguste
699;2.2983;48.8779;Ternes
700;2.4353;48.7712;Créteil Pompadour
701;2.432;48.7889;Le Vert-de-Maisons
702;2.2955;48.9555;Épinay-Orgemont
703;2.3115;48.9558;Lacépède
704;2.3154;48.9531;Rose Bertin
705;2.3473;48.9455;Delaunay-Belleville
706;2.2712;48.8347;Henri Farman
707;2.2767;48.8333;Suzanne Lenglen
708;2.24;48.8966;Faubourg de l'Arche
709;2.2946;48.9333;Le Village
710;2.2886;48.9318;Le Luth
711;2.4089;48.8675;Séverine
712;2.284;48.8343;Desnouettes
713;2.3333;48.8215;Montsouris
714;2.3671;48.7831;Lamartine
715;2.36735;48.78735;Villejuif-Louis Aragon
716;2.3553;48.7526;Porte de Rungis
717;2.3619;48.7528;Place de la Logistique
718;2.3543;48.7501;Saarinen
719;2.225;48.7838;
720;2.3427;48.959649999999996;Villetaneuse-Université
721;2.524;48.9066;République Marx Dormoy
722;2.5322;48.9085;Léon Blum
723;2.5391;48.9084;Maurice Audin
724;2.4058;48.7639;Rouget de Lisle
725;2.4088;48.7592;Carle-Darthe
726;2.2456;48.7169;Palaiseau
727;2.402;48.9243;Stade Géo André
728;2.3924;48.9274;Hôtel de Ville de La Courneuve
729;2.5664;48.9441;Vert-Galant
730;2.4023;48.8371;Michel Bizot
731;2.2307;48.8296;Pont de Sèvres
732;2.3009;48.8647;Alma-Marceau
733;2.3042;48.7616;La Croix-de-Berny-Fresnes
734;2.5695;48.6283;Lieusaint-Moissy
735;2.3805;48.869;Couronnes
736;2.2946;48.9163;Gabriel Péri
737;2.2862;48.9231;Les Agnettes
738;2.3622;48.8101;Le Kremlin-Bicêtre
739;2.3835;48.811;Mairie d'Ivry
740;2.3522;48.8428;Place Monge
741;2.4164;48.8797;Mairie des Lilas
742;2.3708;48.8776;Colonel Fabien
743;2.2248;48.9175;Parc Pierre Lagravère
744;2.2175;48.9232;Pont de Bezons
745;2.3717;48.7145;Porte de l'Essonne
746;2.3452;48.9396;Paul Éluard